Date	Day	Time	Rep	Treatment	Location	Algae	TreatID	uniqueID	Type	F0_Menupoint	Mem	F	Fm_p	PAR	Y.II	ETR	Fo_p	ETRf	qP	qN	qL	NPQ	Fo	Fm	FvFm
2014-07-23	0	16:59:41	1	A	Benthic	Nostoc	0.Nostoc.Benthic	Nostoc.A.1	FO	17	2	628	842	1	0.254	0.1	NA	0.84	NA	NA	NA	NA	628	842	0.254
2014-07-23	0	17:00:00	1	A	Benthic	Nostoc	0.Nostoc.Benthic	Nostoc.A.1	F	17	3	681	838	101	0.187	7.9	626	0.84	0.741	0.009	0.681	0.005	628	842	0.254
2014-07-23	0	17:00:19	1	A	Benthic	Nostoc	0.Nostoc.Benthic	Nostoc.A.1	F	17	4	683	803	205	0.149	12.8	606	0.84	0.609	0.079	0.54	0.049	628	842	0.254
2014-07-23	0	17:00:39	1	A	Benthic	Nostoc	0.Nostoc.Benthic	Nostoc.A.1	F	17	5	659	743	331	0.113	15.7	571	0.84	0.488	0.196	0.423	0.133	628	842	0.254
2014-07-23	0	17:00:58	1	A	Benthic	Nostoc	0.Nostoc.Benthic	Nostoc.A.1	F	17	6	642	703	476	0.087	17.4	547	0.84	0.391	0.271	0.333	0.198	628	842	0.254
2014-07-23	0	17:01:18	1	A	Benthic	Nostoc	0.Nostoc.Benthic	Nostoc.A.1	F	17	7	619	666	638	0.071	19	525	0.84	0.333	0.341	0.282	0.264	628	842	0.254
2014-07-23	0	17:01:38	1	A	Benthic	Nostoc	0.Nostoc.Benthic	Nostoc.A.1	F	17	8	600	628	926	0.045	17.5	501	0.84	0.22	0.407	0.184	0.341	628	842	0.254
2014-07-23	0	17:01:57	1	A	Benthic	Nostoc	0.Nostoc.Benthic	Nostoc.A.1	F	17	9	576	596	1227	0.034	17.5	480	0.84	0.172	0.458	0.143	0.413	628	842	0.254
2014-07-23	0	17:05:17	1	B	Benthic	Clad_R	0.Clad_R.Benthic	Clad_R.B.1	FO	17	12	913	2076	1	0.56	0.2	NA	0.84	NA	NA	NA	NA	913	2076	0.56
2014-07-23	0	17:05:36	1	B	Benthic	Clad_R	0.Clad_R.Benthic	Clad_R.B.1	F	17	13	1132	1637	101	0.308	13.1	817	0.84	0.616	0.295	0.445	0.268	913	2076	0.56
2014-07-23	0	17:05:56	1	B	Benthic	Clad_R	0.Clad_R.Benthic	Clad_R.B.1	F	17	14	1039	1377	205	0.245	21.1	746	0.84	0.536	0.457	0.385	0.508	913	2076	0.56
2014-07-23	0	17:06:15	1	B	Benthic	Clad_R	0.Clad_R.Benthic	Clad_R.B.1	F	17	15	982	1210	331	0.188	26.1	694	0.84	0.442	0.556	0.312	0.716	913	2076	0.56
2014-07-23	0	17:06:35	1	B	Benthic	Clad_R	0.Clad_R.Benthic	Clad_R.B.1	F	17	16	940	1122	476	0.162	32.4	665	0.84	0.398	0.607	0.282	0.85	913	2076	0.56
2014-07-23	0	17:06:54	1	B	Benthic	Clad_R	0.Clad_R.Benthic	Clad_R.B.1	F	17	17	916	1059	638	0.135	36.2	642	0.84	0.343	0.641	0.24	0.96	913	2076	0.56
2014-07-23	0	17:07:14	1	B	Benthic	Clad_R	0.Clad_R.Benthic	Clad_R.B.1	F	17	18	920	1018	926	0.096	37.3	627	0.84	0.251	0.664	0.171	1.039	913	2076	0.56
2014-07-23	0	17:07:34	1	B	Benthic	Clad_R	0.Clad_R.Benthic	Clad_R.B.1	F	17	19	907	978	1227	0.073	37.6	611	0.84	0.193	0.684	0.13	1.123	913	2076	0.56
2014-07-23	0	17:09:35	1	C	Benthic	Phorm	0.Phorm.Benthic	Phorm.C.1	FO	17	23	619	975	1	0.365	0.2	NA	0.84	NA	NA	NA	NA	619	975	0.365
2014-07-23	0	17:09:55	1	C	Benthic	Phorm	0.Phorm.Benthic	Phorm.C.1	F	17	24	618	954	38	0.352	5.6	610	0.84	0.977	0.034	0.964	0.022	619	975	0.365
2014-07-23	0	17:10:15	1	C	Benthic	Phorm	0.Phorm.Benthic	Phorm.C.1	F	17	25	612	896	101	0.317	13.4	586	0.84	0.916	0.129	0.877	0.088	619	975	0.365
2014-07-23	0	17:10:34	1	C	Benthic	Phorm	0.Phorm.Benthic	Phorm.C.1	F	17	26	628	855	205	0.265	22.8	568	0.84	0.791	0.194	0.715	0.14	619	975	0.365
2014-07-23	0	17:10:54	1	C	Benthic	Phorm	0.Phorm.Benthic	Phorm.C.1	F	17	27	627	799	331	0.215	29.9	543	0.84	0.672	0.281	0.582	0.22	619	975	0.365
2014-07-23	0	17:11:13	1	C	Benthic	Phorm	0.Phorm.Benthic	Phorm.C.1	F	17	28	629	762	476	0.175	35	526	0.84	0.564	0.337	0.472	0.28	619	975	0.365
2014-07-23	0	17:11:33	1	C	Benthic	Phorm	0.Phorm.Benthic	Phorm.C.1	F	17	29	626	727	638	0.139	37.2	509	0.84	0.463	0.388	0.376	0.341	619	975	0.365
2014-07-23	0	17:11:53	1	C	Benthic	Phorm	0.Phorm.Benthic	Phorm.C.1	F	17	30	624	691	926	0.097	37.7	491	0.84	0.335	0.438	0.264	0.411	619	975	0.365
2014-07-23	0	17:12:12	1	C	Benthic	Phorm	0.Phorm.Benthic	Phorm.C.1	F	17	31	610	656	1227	0.07	36.1	473	0.84	0.251	0.486	0.195	0.486	619	975	0.365
2014-07-23	0	17:16:53	1	E	Benthic	Clad_Y	0.Clad_Y.Benthic	Clad_Y.E.1	FO	17	34	706	1492	1	0.527	0.2	NA	0.84	NA	NA	NA	NA	706	1492	0.527
2014-07-23	0	17:17:13	1	E	Benthic	Clad_Y	0.Clad_Y.Benthic	Clad_Y.E.1	F	17	35	733	1195	38	0.387	6.2	632	0.84	0.821	0.284	0.708	0.249	706	1492	0.527
2014-07-23	0	17:17:32	1	E	Benthic	Clad_Y	0.Clad_Y.Benthic	Clad_Y.E.1	F	17	36	671	934	101	0.282	12	550	0.84	0.685	0.511	0.561	0.597	706	1492	0.527
2014-07-23	0	17:17:52	1	E	Benthic	Clad_Y	0.Clad_Y.Benthic	Clad_Y.E.1	F	17	37	640	810	205	0.21	18.1	505	0.84	0.557	0.612	0.44	0.842	706	1492	0.527
2014-07-23	0	17:18:11	1	E	Benthic	Clad_Y	0.Clad_Y.Benthic	Clad_Y.E.1	F	17	38	616	732	331	0.158	22	473	0.84	0.448	0.67	0.344	1.038	706	1492	0.527
2014-07-23	0	17:18:31	1	E	Benthic	Clad_Y	0.Clad_Y.Benthic	Clad_Y.E.1	F	17	39	603	688	476	0.124	24.8	455	0.84	0.365	0.704	0.275	1.169	706	1492	0.527
2014-07-23	0	17:18:51	1	E	Benthic	Clad_Y	0.Clad_Y.Benthic	Clad_Y.E.1	F	17	40	587	651	638	0.098	26.3	438	0.84	0.3	0.729	0.224	1.292	706	1492	0.527
2014-07-23	0	17:19:10	1	E	Benthic	Clad_Y	0.Clad_Y.Benthic	Clad_Y.E.1	F	17	41	576	617	926	0.066	25.7	422	0.84	0.21	0.752	0.154	1.418	706	1492	0.527
2014-07-23	0	17:19:30	1	E	Benthic	Clad_Y	0.Clad_Y.Benthic	Clad_Y.E.1	F	17	42	559	590	1227	0.053	27.3	410	0.84	0.172	0.771	0.126	1.529	706	1492	0.527
2014-07-23	0	17:22:16	1	F	Benthic	Riv	0.Riv.Benthic	Riv.F.1	FO	17	46	394	528	1	0.254	0.1	NA	0.84	NA	NA	NA	NA	394	528	0.254
2014-07-23	0	17:22:36	1	F	Benthic	Riv	0.Riv.Benthic	Riv.F.1	F	17	47	405	526	38	0.23	3.7	393	0.84	0.91	0.007	0.883	0.004	394	528	0.254
2014-07-23	0	17:22:55	1	F	Benthic	Riv	0.Riv.Benthic	Riv.F.1	F	17	48	401	506	101	0.208	8.8	382	0.84	0.847	0.075	0.807	0.043	394	528	0.254
2014-07-23	0	17:23:15	1	F	Benthic	Riv	0.Riv.Benthic	Riv.F.1	F	17	49	401	496	205	0.192	16.5	376	0.84	0.792	0.104	0.743	0.065	394	528	0.254
2014-07-23	0	17:23:35	1	F	Benthic	Riv	0.Riv.Benthic	Riv.F.1	F	17	50	386	464	331	0.168	23.4	357	0.84	0.729	0.201	0.674	0.138	394	528	0.254
2014-07-23	0	17:23:54	1	F	Benthic	Riv	0.Riv.Benthic	Riv.F.1	F	17	51	383	449	476	0.147	29.4	348	0.84	0.653	0.246	0.593	0.176	394	528	0.254
2014-07-23	0	17:24:14	1	F	Benthic	Riv	0.Riv.Benthic	Riv.F.1	F	17	52	364	422	638	0.137	36.7	332	0.84	0.644	0.328	0.587	0.251	394	528	0.254
2014-07-23	0	17:24:33	1	F	Benthic	Riv	0.Riv.Benthic	Riv.F.1	F	17	53	360	405	926	0.111	43.2	321	0.84	0.536	0.373	0.478	0.304	394	528	0.254
2014-07-23	0	17:24:53	1	F	Benthic	Riv	0.Riv.Benthic	Riv.F.1	F	17	54	350	384	1227	0.089	45.9	308	0.84	0.447	0.433	0.393	0.375	394	528	0.254
2014-07-23	0	17:27:39	1	G	Benthic	Cyano_Spires	0.Cyano_Spires.Benthic	Cyano_Spires.G.1	FO	17	56	918	1465	1	0.373	0.2	NA	0.84	NA	NA	NA	NA	918	1465	0.373
2014-07-23	0	17:27:58	1	G	Benthic	Cyano_Spires	0.Cyano_Spires.Benthic	Cyano_Spires.G.1	F	17	57	973	1439	38	0.324	5.2	908	0.84	0.878	0.029	0.819	0.018	918	1465	0.373
2014-07-23	0	17:28:18	1	G	Benthic	Cyano_Spires	0.Cyano_Spires.Benthic	Cyano_Spires.G.1	F	17	58	930	1264	101	0.264	11.2	835	0.84	0.779	0.216	0.699	0.159	918	1465	0.373
2014-07-23	0	17:28:38	1	G	Benthic	Cyano_Spires	0.Cyano_Spires.Benthic	Cyano_Spires.G.1	F	17	59	903	1136	205	0.205	17.7	777	0.84	0.649	0.344	0.558	0.29	918	1465	0.373
2014-07-23	0	17:28:57	1	G	Benthic	Cyano_Spires	0.Cyano_Spires.Benthic	Cyano_Spires.G.1	F	17	60	872	1037	331	0.159	22.1	729	0.84	0.536	0.437	0.448	0.413	918	1465	0.373
2014-07-23	0	17:29:17	1	G	Benthic	Cyano_Spires	0.Cyano_Spires.Benthic	Cyano_Spires.G.1	F	17	61	842	962	476	0.125	25	691	0.84	0.443	0.505	0.364	0.523	918	1465	0.373
2014-07-23	0	17:29:36	1	G	Benthic	Cyano_Spires	0.Cyano_Spires.Benthic	Cyano_Spires.G.1	F	17	62	815	904	638	0.098	26.3	661	0.84	0.366	0.556	0.297	0.621	918	1465	0.373
2014-07-23	0	17:29:56	1	G	Benthic	Cyano_Spires	0.Cyano_Spires.Benthic	Cyano_Spires.G.1	F	17	63	786	843	926	0.068	26.4	628	0.84	0.265	0.607	0.212	0.738	918	1465	0.373
2014-07-23	0	17:30:16	1	G	Benthic	Cyano_Spires	0.Cyano_Spires.Benthic	Cyano_Spires.G.1	F	17	64	742	784	1227	0.054	27.8	594	0.84	0.221	0.653	0.177	0.869	918	1465	0.373
2014-07-23	0	17:35:26	2	A	Floating	Clad_Y	0.Clad_Y.Floating	Clad_Y.A.2	FO	17	66	514	1230	1	0.582	0.2	NA	0.84	NA	NA	NA	NA	514	1230	0.582
2014-07-23	0	17:35:46	2	A	Floating	Clad_Y	0.Clad_Y.Floating	Clad_Y.A.2	F	17	67	564	1134	38	0.503	8	496	0.84	0.893	0.109	0.785	0.085	514	1230	0.582
2014-07-23	0	17:36:05	2	A	Floating	Clad_Y	0.Clad_Y.Floating	Clad_Y.A.2	F	17	68	541	916	101	0.409	17.3	450	0.84	0.805	0.349	0.67	0.343	514	1230	0.582
2014-07-23	0	17:36:25	2	A	Floating	Clad_Y	0.Clad_Y.Floating	Clad_Y.A.2	F	17	69	543	800	205	0.321	27.6	420	0.84	0.676	0.469	0.523	0.538	514	1230	0.582
2014-07-23	0	17:36:44	2	A	Floating	Clad_Y	0.Clad_Y.Floating	Clad_Y.A.2	F	17	70	521	695	331	0.25	34.8	389	0.84	0.569	0.573	0.425	0.77	514	1230	0.582
2014-07-23	0	17:37:04	2	A	Floating	Clad_Y	0.Clad_Y.Floating	Clad_Y.A.2	F	17	71	505	634	476	0.203	40.6	369	0.84	0.487	0.63	0.356	0.94	514	1230	0.582
2014-07-23	0	17:37:24	2	A	Floating	Clad_Y	0.Clad_Y.Floating	Clad_Y.A.2	F	17	72	537	635	638	0.154	41.3	369	0.84	0.368	0.628	0.253	0.937	514	1230	0.582
2014-07-23	0	17:37:43	2	A	Floating	Clad_Y	0.Clad_Y.Floating	Clad_Y.A.2	F	17	73	515	581	926	0.114	44.3	350	0.84	0.286	0.677	0.194	1.117	514	1230	0.582
2014-07-23	0	17:38:03	2	A	Floating	Clad_Y	0.Clad_Y.Floating	Clad_Y.A.2	F	17	74	491	538	1227	0.087	44.8	334	0.84	0.23	0.715	0.156	1.286	514	1230	0.582
2014-07-23	0	17:41:25	2	B	Floating	Phorm	0.Phorm.Floating	Phorm.B.2	FO	17	78	543	950	1	0.428	0.2	NA	0.84	NA	NA	NA	NA	543	950	0.428
2014-07-23	0	17:41:44	2	B	Floating	Phorm	0.Phorm.Floating	Phorm.B.2	F	17	79	564	939	38	0.399	6.4	539	0.84	0.938	0.017	0.896	0.012	543	950	0.428
2014-07-23	0	17:42:04	2	B	Floating	Phorm	0.Phorm.Floating	Phorm.B.2	F	17	80	576	894	101	0.356	15.1	524	0.84	0.859	0.091	0.781	0.063	543	950	0.428
2014-07-23	0	17:42:23	2	B	Floating	Phorm	0.Phorm.Floating	Phorm.B.2	F	17	81	594	849	205	0.3	25.8	508	0.84	0.748	0.162	0.64	0.119	543	950	0.428
2014-07-23	0	17:42:43	2	B	Floating	Phorm	0.Phorm.Floating	Phorm.B.2	F	17	82	607	792	331	0.234	32.5	487	0.84	0.607	0.251	0.487	0.199	543	950	0.428
2014-07-23	0	17:43:03	2	B	Floating	Phorm	0.Phorm.Floating	Phorm.B.2	F	17	83	617	757	476	0.185	37	474	0.84	0.495	0.305	0.38	0.255	543	950	0.428
2014-07-23	0	17:43:22	2	B	Floating	Phorm	0.Phorm.Floating	Phorm.B.2	F	17	84	622	723	638	0.14	37.5	460	0.84	0.384	0.354	0.284	0.314	543	950	0.428
2014-07-23	0	17:43:42	2	B	Floating	Phorm	0.Phorm.Floating	Phorm.B.2	F	17	85	620	683	926	0.092	35.8	444	0.84	0.264	0.413	0.189	0.391	543	950	0.428
2014-07-23	0	17:44:01	2	B	Floating	Phorm	0.Phorm.Floating	Phorm.B.2	F	17	86	603	639	1227	0.056	28.9	425	0.84	0.168	0.474	0.118	0.487	543	950	0.428
2014-07-23	0	17:47:35	2	C	Floating	Riv	0.Riv.Floating	Riv.C.2	FO	17	89	394	498	1	0.209	0.1	NA	0.84	NA	NA	NA	NA	394	498	0.209
2014-07-23	0	17:47:54	2	C	Floating	Riv	0.Riv.Floating	Riv.C.2	F	17	90	435	577	38	0.246	3.9	442	0.84	1.052	-0.298	1.069	-0.137	394	498	0.209
2014-07-23	0	17:48:14	2	C	Floating	Riv	0.Riv.Floating	Riv.C.2	F	17	91	443	576	101	0.231	9.8	441	0.84	0.985	-0.298	0.981	-0.135	394	498	0.209
2014-07-23	0	17:48:33	2	C	Floating	Riv	0.Riv.Floating	Riv.C.2	F	17	92	439	560	205	0.216	18.6	432	0.84	0.945	-0.231	0.93	-0.111	394	498	0.209
2014-07-23	0	17:48:53	2	C	Floating	Riv	0.Riv.Floating	Riv.C.2	F	17	93	433	535	331	0.191	26.6	417	0.84	0.864	-0.135	0.832	-0.069	394	498	0.209
2014-07-23	0	17:49:13	2	C	Floating	Riv	0.Riv.Floating	Riv.C.2	F	17	94	428	516	476	0.171	34.2	405	0.84	0.793	-0.067	0.75	-0.035	394	498	0.209
2014-07-23	0	17:49:32	2	C	Floating	Riv	0.Riv.Floating	Riv.C.2	F	17	95	429	503	638	0.147	39.4	397	0.84	0.698	-0.019	0.646	-0.01	394	498	0.209
2014-07-23	0	17:49:52	2	C	Floating	Riv	0.Riv.Floating	Riv.C.2	F	17	96	422	483	926	0.126	49	385	0.84	0.622	0.058	0.567	0.031	394	498	0.209
2014-07-23	0	17:50:11	2	C	Floating	Riv	0.Riv.Floating	Riv.C.2	F	17	97	411	456	1227	0.099	51	367	0.84	0.506	0.144	0.452	0.092	394	498	0.209
2014-07-23	0	17:52:57	2	E	Floating	Clad_R	0.Clad_R.Floating	Clad_R.E.2	FO	17	100	851	1709	1	0.502	0.2	NA	0.84	NA	NA	NA	NA	851	1709	0.502
2014-07-23	0	17:53:15	2	E	Floating	Clad_R	0.Clad_R.Floating	Clad_R.E.2	F	17	101	875	1561	38	0.439	7	813	0.84	0.917	0.128	0.852	0.095	851	1709	0.502
2014-07-23	0	17:53:35	2	E	Floating	Clad_R	0.Clad_R.Floating	Clad_R.E.2	F	17	102	861	1402	101	0.386	16.4	767	0.84	0.852	0.26	0.759	0.219	851	1709	0.502
2014-07-23	0	17:53:55	2	E	Floating	Clad_R	0.Clad_R.Floating	Clad_R.E.2	F	17	103	796	1187	205	0.329	28.3	698	0.84	0.8	0.43	0.702	0.44	851	1709	0.502
2014-07-23	0	17:54:14	2	E	Floating	Clad_R	0.Clad_R.Floating	Clad_R.E.2	F	17	104	784	1047	331	0.251	34.9	647	0.84	0.658	0.534	0.543	0.632	851	1709	0.502
2014-07-23	0	17:54:34	2	E	Floating	Clad_R	0.Clad_R.Floating	Clad_R.E.2	F	17	105	776	993	476	0.219	43.8	626	0.84	0.591	0.572	0.477	0.721	851	1709	0.502
2014-07-23	0	17:54:53	2	E	Floating	Clad_R	0.Clad_R.Floating	Clad_R.E.2	F	17	106	738	900	638	0.18	48.2	588	0.84	0.519	0.636	0.414	0.899	851	1709	0.502
2014-07-23	0	17:55:13	2	E	Floating	Clad_R	0.Clad_R.Floating	Clad_R.E.2	F	17	107	722	828	926	0.128	49.8	556	0.84	0.39	0.683	0.3	1.064	851	1709	0.502
2014-07-23	0	17:55:33	2	E	Floating	Clad_R	0.Clad_R.Floating	Clad_R.E.2	F	17	108	682	755	1227	0.097	50	522	0.84	0.313	0.728	0.24	1.264	851	1709	0.502
2014-07-23	0	17:57:18	2	F	Floating	Cyano_Spires	0.Cyano_Spires.Floating	Cyano_Spires.F.2	FO	17	110	891	1389	1	0.359	0.2	NA	0.84	NA	NA	NA	NA	891	1389	0.359
2014-07-23	0	17:57:37	2	F	Floating	Cyano_Spires	0.Cyano_Spires.Floating	Cyano_Spires.F.2	F	17	111	932	1385	38	0.327	5.2	889	0.84	0.913	0.004	0.871	0.003	891	1389	0.359
2014-07-23	0	17:57:57	2	F	Floating	Cyano_Spires	0.Cyano_Spires.Floating	Cyano_Spires.F.2	F	17	112	902	1249	101	0.278	11.8	831	0.84	0.83	0.161	0.765	0.112	891	1389	0.359
2014-07-23	0	17:58:16	2	F	Floating	Cyano_Spires	0.Cyano_Spires.Floating	Cyano_Spires.F.2	F	17	113	893	1137	205	0.215	18.5	780	0.84	0.683	0.283	0.597	0.222	891	1389	0.359
2014-07-23	0	17:58:36	2	F	Floating	Cyano_Spires	0.Cyano_Spires.Floating	Cyano_Spires.F.2	F	17	114	882	1048	331	0.158	22	737	0.84	0.534	0.376	0.446	0.325	891	1389	0.359
2014-07-23	0	17:58:56	2	F	Floating	Cyano_Spires	0.Cyano_Spires.Floating	Cyano_Spires.F.2	F	17	115	859	979	476	0.123	24.6	702	0.84	0.433	0.444	0.354	0.419	891	1389	0.359
2014-07-23	0	17:59:15	2	F	Floating	Cyano_Spires	0.Cyano_Spires.Floating	Cyano_Spires.F.2	F	17	116	834	920	638	0.093	24.9	671	0.84	0.345	0.5	0.278	0.51	891	1389	0.359
2014-07-23	0	17:59:35	2	F	Floating	Cyano_Spires	0.Cyano_Spires.Floating	Cyano_Spires.F.2	F	17	117	798	856	926	0.068	26.4	637	0.84	0.265	0.56	0.212	0.623	891	1389	0.359
2014-07-23	0	17:59:54	2	F	Floating	Cyano_Spires	0.Cyano_Spires.Floating	Cyano_Spires.F.2	F	17	118	749	788	1227	0.049	25.3	598	0.84	0.205	0.618	0.164	0.763	891	1389	0.359
2014-07-23	0	18:02:26	2	G	Floating	Nostoc	0.Nostoc.Floating	Nostoc.G.2	FO	17	121	361	504	1	0.284	0.1	NA	0.84	NA	NA	NA	NA	361	504	0.284
2014-07-23	0	18:02:46	2	G	Floating	Nostoc	0.Nostoc.Floating	Nostoc.G.2	F	17	122	387	549	38	0.295	4.7	384	0.84	0.982	-0.154	0.974	-0.082	361	504	0.284
2014-07-23	0	18:03:05	2	G	Floating	Nostoc	0.Nostoc.Floating	Nostoc.G.2	F	17	123	398	541	101	0.264	11.2	380	0.84	0.888	-0.126	0.848	-0.068	361	504	0.284
2014-07-23	0	18:03:25	2	G	Floating	Nostoc	0.Nostoc.Floating	Nostoc.G.2	F	17	124	406	516	205	0.213	18.3	367	0.84	0.738	-0.042	0.667	-0.023	361	504	0.284
2014-07-23	0	18:03:44	2	G	Floating	Nostoc	0.Nostoc.Floating	Nostoc.G.2	F	17	125	402	481	331	0.164	22.8	349	0.84	0.598	0.077	0.519	0.048	361	504	0.284
2014-07-23	0	18:04:04	2	G	Floating	Nostoc	0.Nostoc.Floating	Nostoc.G.2	F	17	126	388	447	476	0.132	26.4	331	0.84	0.509	0.189	0.434	0.128	361	504	0.284
2014-07-23	0	18:04:24	2	G	Floating	Nostoc	0.Nostoc.Floating	Nostoc.G.2	F	17	127	375	419	638	0.105	28.1	315	0.84	0.423	0.273	0.355	0.203	361	504	0.284
2014-07-23	0	18:04:43	2	G	Floating	Nostoc	0.Nostoc.Floating	Nostoc.G.2	F	17	128	360	389	926	0.075	29.2	298	0.84	0.319	0.364	0.264	0.296	361	504	0.284
2014-07-23	0	18:05:03	2	G	Floating	Nostoc	0.Nostoc.Floating	Nostoc.G.2	F	17	129	338	359	1227	0.058	29.9	280	0.84	0.266	0.448	0.22	0.404	361	504	0.284
2014-07-23	0	18:13:19	3	A	Benthic	Cyano_Spires	0.Cyano_Spires.Benthic	Cyano_Spires.A.3	FO	17	133	892	1417	1	0.371	0.2	NA	0.84	NA	NA	NA	NA	892	1417	0.371
2014-07-23	0	18:13:38	3	A	Benthic	Cyano_Spires	0.Cyano_Spires.Benthic	Cyano_Spires.A.3	F	17	134	931	1471	38	0.367	5.9	913	0.84	0.968	-0.063	0.949	-0.037	892	1417	0.371
2014-07-23	0	18:13:58	3	A	Benthic	Cyano_Spires	0.Cyano_Spires.Benthic	Cyano_Spires.A.3	F	17	135	914	1352	101	0.324	13.7	866	0.84	0.901	0.074	0.854	0.048	892	1417	0.371
2014-07-23	0	18:14:17	3	A	Benthic	Cyano_Spires	0.Cyano_Spires.Benthic	Cyano_Spires.A.3	F	17	136	907	1237	205	0.267	23	817	0.84	0.786	0.2	0.708	0.146	892	1417	0.371
2014-07-23	0	18:14:37	3	A	Benthic	Cyano_Spires	0.Cyano_Spires.Benthic	Cyano_Spires.A.3	F	17	137	882	1111	331	0.206	28.6	760	0.84	0.652	0.331	0.562	0.275	892	1417	0.371
2014-07-23	0	18:14:57	3	A	Benthic	Cyano_Spires	0.Cyano_Spires.Benthic	Cyano_Spires.A.3	F	17	138	854	1023	476	0.165	33	718	0.84	0.554	0.419	0.466	0.385	892	1417	0.371
2014-07-23	0	18:15:16	3	A	Benthic	Cyano_Spires	0.Cyano_Spires.Benthic	Cyano_Spires.A.3	F	17	139	822	947	638	0.132	35.4	680	0.84	0.468	0.491	0.387	0.496	892	1417	0.371
2014-07-23	0	18:15:36	3	A	Benthic	Cyano_Spires	0.Cyano_Spires.Benthic	Cyano_Spires.A.3	F	17	140	793	879	926	0.098	38.1	644	0.84	0.366	0.552	0.297	0.612	892	1417	0.371
2014-07-23	0	18:15:55	3	A	Benthic	Cyano_Spires	0.Cyano_Spires.Benthic	Cyano_Spires.A.3	F	17	141	743	802	1227	0.074	38.1	602	0.84	0.295	0.619	0.239	0.767	892	1417	0.371
2014-07-23	0	18:19:07	3	C	Benthic	Nostoc	0.Nostoc.Benthic	Nostoc.C.3	FO	17	144	509	799	1	0.363	0.2	NA	0.84	NA	NA	NA	NA	509	799	0.363
2014-07-23	0	18:19:26	3	C	Benthic	Nostoc	0.Nostoc.Benthic	Nostoc.C.3	F	17	145	526	788	38	0.332	5.3	505	0.84	0.926	0.024	0.889	0.014	509	799	0.363
2014-07-23	0	18:19:46	3	C	Benthic	Nostoc	0.Nostoc.Benthic	Nostoc.C.3	F	17	146	535	750	101	0.287	12.2	489	0.84	0.824	0.1	0.753	0.065	509	799	0.363
2014-07-23	0	18:20:06	3	C	Benthic	Nostoc	0.Nostoc.Benthic	Nostoc.C.3	F	17	147	541	701	205	0.228	19.6	467	0.84	0.684	0.193	0.59	0.14	509	799	0.363
2014-07-23	0	18:20:25	3	C	Benthic	Nostoc	0.Nostoc.Benthic	Nostoc.C.3	F	17	148	533	644	331	0.172	23.9	441	0.84	0.547	0.3	0.453	0.241	509	799	0.363
2014-07-23	0	18:20:45	3	C	Benthic	Nostoc	0.Nostoc.Benthic	Nostoc.C.3	F	17	149	520	598	476	0.13	26	419	0.84	0.436	0.383	0.351	0.336	509	799	0.363
2014-07-23	0	18:21:04	3	C	Benthic	Nostoc	0.Nostoc.Benthic	Nostoc.C.3	F	17	150	503	559	638	0.1	26.8	400	0.84	0.352	0.452	0.28	0.429	509	799	0.363
2014-07-23	0	18:21:24	3	C	Benthic	Nostoc	0.Nostoc.Benthic	Nostoc.C.3	F	17	151	482	516	926	0.066	25.7	377	0.84	0.245	0.521	0.192	0.548	509	799	0.363
2014-07-23	0	18:21:44	3	C	Benthic	Nostoc	0.Nostoc.Benthic	Nostoc.C.3	F	17	152	452	475	1227	0.048	24.7	355	0.84	0.192	0.586	0.151	0.682	509	799	0.363
2014-07-23	0	18:23:17	3	D	Benthic	Clad_R	0.Clad_R.Benthic	Clad_R.D.3	FO	17	154	567	1360	1	0.583	0.2	NA	0.84	NA	NA	NA	NA	567	1360	0.583
2014-07-23	0	18:23:36	3	D	Benthic	Clad_R	0.Clad_R.Benthic	Clad_R.D.3	F	17	155	625	1174	38	0.468	7.5	532	0.84	0.855	0.19	0.728	0.158	567	1360	0.583
2014-07-23	0	18:23:56	3	D	Benthic	Clad_R	0.Clad_R.Benthic	Clad_R.D.3	F	17	156	577	890	101	0.352	14.9	465	0.84	0.736	0.464	0.593	0.528	567	1360	0.583
2014-07-23	0	18:24:15	3	D	Benthic	Clad_R	0.Clad_R.Benthic	Clad_R.D.3	F	17	157	546	730	205	0.252	21.7	417	0.84	0.588	0.605	0.449	0.863	567	1360	0.583
2014-07-23	0	18:24:35	3	D	Benthic	Clad_R	0.Clad_R.Benthic	Clad_R.D.3	F	17	158	516	631	331	0.182	25.3	383	0.84	0.464	0.687	0.344	1.155	567	1360	0.583
2014-07-23	0	18:24:55	3	D	Benthic	Clad_R	0.Clad_R.Benthic	Clad_R.D.3	F	17	159	492	575	476	0.144	28.8	361	0.84	0.388	0.73	0.285	1.365	567	1360	0.583
2014-07-23	0	18:25:14	3	D	Benthic	Clad_R	0.Clad_R.Benthic	Clad_R.D.3	F	17	160	474	535	638	0.114	30.5	345	0.84	0.321	0.76	0.234	1.542	567	1360	0.583
2014-07-23	0	18:25:34	3	D	Benthic	Clad_R	0.Clad_R.Benthic	Clad_R.D.3	F	17	161	466	505	926	0.077	29.9	332	0.84	0.225	0.782	0.16	1.693	567	1360	0.583
2014-07-23	0	18:25:53	3	D	Benthic	Clad_R	0.Clad_R.Benthic	Clad_R.D.3	F	17	162	452	479	1227	0.056	28.9	321	0.84	0.171	0.801	0.121	1.839	567	1360	0.583
2014-07-23	0	18:28:12	3	E	Benthic	Riv	0.Riv.Benthic	Riv.E.3	FO	17	164	476	654	1	0.272	0.1	NA	0.84	NA	NA	NA	NA	476	654	0.272
2014-07-23	0	18:28:32	3	E	Benthic	Riv	0.Riv.Benthic	Riv.E.3	F	17	165	506	692	38	0.269	4.3	496	0.84	0.949	-0.101	0.93	-0.055	476	654	0.272
2014-07-23	0	18:28:52	3	E	Benthic	Riv	0.Riv.Benthic	Riv.E.3	F	17	166	514	680	101	0.244	10.4	490	0.84	0.874	-0.067	0.833	-0.038	476	654	0.272
2014-07-23	0	18:29:11	3	E	Benthic	Riv	0.Riv.Benthic	Riv.E.3	F	17	167	509	654	205	0.222	19.1	476	0.84	0.815	0	0.762	0	476	654	0.272
2014-07-23	0	18:29:31	3	E	Benthic	Riv	0.Riv.Benthic	Riv.E.3	F	17	168	506	626	331	0.192	26.7	461	0.84	0.727	0.073	0.662	0.045	476	654	0.272
2014-07-23	0	18:29:50	3	E	Benthic	Riv	0.Riv.Benthic	Riv.E.3	F	17	169	497	597	476	0.168	33.6	445	0.84	0.658	0.146	0.589	0.095	476	654	0.272
2014-07-23	0	18:30:10	3	E	Benthic	Riv	0.Riv.Benthic	Riv.E.3	F	17	170	492	579	638	0.15	40.2	435	0.84	0.604	0.191	0.534	0.13	476	654	0.272
2014-07-23	0	18:30:30	3	E	Benthic	Riv	0.Riv.Benthic	Riv.E.3	F	17	171	482	547	926	0.119	46.3	417	0.84	0.5	0.27	0.433	0.196	476	654	0.272
2014-07-23	0	18:30:49	3	E	Benthic	Riv	0.Riv.Benthic	Riv.E.3	F	17	172	465	516	1227	0.099	51	398	0.84	0.432	0.337	0.37	0.267	476	654	0.272
2014-07-23	0	18:33:14	3	F	Benthic	Clad_Y	0.Clad_Y.Benthic	Clad_Y.F.3	FO	17	174	409	905	1	0.548	0.2	NA	0.84	NA	NA	NA	NA	409	905	0.548
2014-07-23	0	18:33:34	3	F	Benthic	Clad_Y	0.Clad_Y.Benthic	Clad_Y.F.3	F	17	175	449	805	38	0.442	7.1	387	0.84	0.852	0.157	0.734	0.124	409	905	0.548
2014-07-23	0	18:33:54	3	F	Benthic	Clad_Y	0.Clad_Y.Benthic	Clad_Y.F.3	F	17	176	430	665	101	0.353	15	352	0.84	0.751	0.369	0.615	0.361	409	905	0.548
2014-07-23	0	18:34:13	3	F	Benthic	Clad_Y	0.Clad_Y.Benthic	Clad_Y.F.3	F	17	177	434	594	205	0.269	23.2	331	0.84	0.608	0.47	0.464	0.524	409	905	0.548
2014-07-23	0	18:34:33	3	F	Benthic	Clad_Y	0.Clad_Y.Benthic	Clad_Y.F.3	F	17	178	428	539	331	0.206	28.6	313	0.84	0.491	0.544	0.359	0.679	409	905	0.548
2014-07-23	0	18:34:52	3	F	Benthic	Clad_Y	0.Clad_Y.Benthic	Clad_Y.F.3	F	17	179	417	500	476	0.166	33.2	299	0.84	0.413	0.595	0.296	0.81	409	905	0.548
2014-07-23	0	18:35:12	3	F	Benthic	Clad_Y	0.Clad_Y.Benthic	Clad_Y.F.3	F	17	180	420	481	638	0.127	34	292	0.84	0.323	0.619	0.225	0.881	409	905	0.548
2014-07-23	0	18:35:32	3	F	Benthic	Clad_Y	0.Clad_Y.Benthic	Clad_Y.F.3	F	17	181	424	471	926	0.1	38.9	289	0.84	0.258	0.633	0.176	0.921	409	905	0.548
2014-07-23	0	18:35:51	3	F	Benthic	Clad_Y	0.Clad_Y.Benthic	Clad_Y.F.3	F	17	182	427	461	1227	0.074	38.1	285	0.84	0.193	0.645	0.129	0.963	409	905	0.548
2014-07-23	0	18:38:35	3	G	Benthic	Phorm	0.Phorm.Benthic	Phorm.G.3	FO	17	184	325	549	1	0.408	0.2	NA	0.84	NA	NA	NA	NA	325	549	0.408
2014-07-23	0	18:38:54	3	G	Benthic	Phorm	0.Phorm.Benthic	Phorm.G.3	F	17	185	346	586	38	0.41	6.5	338	0.84	0.968	-0.107	0.946	-0.063	325	549	0.408
2014-07-23	0	18:39:14	3	G	Benthic	Phorm	0.Phorm.Benthic	Phorm.G.3	F	17	186	355	568	101	0.375	15.9	332	0.84	0.903	-0.054	0.844	-0.033	325	549	0.408
2014-07-23	0	18:39:34	3	G	Benthic	Phorm	0.Phorm.Benthic	Phorm.G.3	F	17	187	369	542	205	0.319	27.5	323	0.84	0.79	0.022	0.692	0.013	325	549	0.408
2014-07-23	0	18:39:53	3	G	Benthic	Phorm	0.Phorm.Benthic	Phorm.G.3	F	17	188	371	498	331	0.255	35.5	306	0.84	0.661	0.143	0.545	0.102	325	549	0.408
2014-07-23	0	18:40:13	3	G	Benthic	Phorm	0.Phorm.Benthic	Phorm.G.3	F	17	189	378	475	476	0.204	40.8	298	0.84	0.548	0.21	0.432	0.156	325	549	0.408
2014-07-23	0	18:40:32	3	G	Benthic	Phorm	0.Phorm.Benthic	Phorm.G.3	F	17	190	386	462	638	0.165	44.2	292	0.84	0.447	0.241	0.338	0.188	325	549	0.408
2014-07-23	0	18:40:52	3	G	Benthic	Phorm	0.Phorm.Benthic	Phorm.G.3	F	17	191	388	438	926	0.114	44.3	283	0.84	0.323	0.308	0.236	0.253	325	549	0.408
2014-07-23	0	18:41:12	3	G	Benthic	Phorm	0.Phorm.Benthic	Phorm.G.3	F	17	192	384	416	1227	0.077	39.7	273	0.84	0.224	0.362	0.159	0.32	325	549	0.408
2014-07-23	0	18:45:30	4	A	Floating	Riv	0.Riv.Floating	Riv.A.4	FO	17	194	499	648	1	0.23	0.1	NA	0.84	NA	NA	NA	NA	499	648	0.23
2014-07-23	0	18:45:50	4	A	Floating	Riv	0.Riv.Floating	Riv.A.4	F	17	195	528	707	38	0.253	4	533	0.84	1.029	-0.168	1.039	-0.083	499	648	0.23
2014-07-23	0	18:46:09	4	A	Floating	Riv	0.Riv.Floating	Riv.A.4	F	17	196	535	705	101	0.241	10.2	532	0.84	0.983	-0.161	0.977	-0.081	499	648	0.23
2014-07-23	0	18:46:29	4	A	Floating	Riv	0.Riv.Floating	Riv.A.4	F	17	197	536	682	205	0.214	18.4	519	0.84	0.896	-0.094	0.868	-0.05	499	648	0.23
2014-07-23	0	18:46:48	4	A	Floating	Riv	0.Riv.Floating	Riv.A.4	F	17	198	531	650	331	0.183	25.4	500	0.84	0.793	-0.007	0.747	-0.003	499	648	0.23
2014-07-23	0	18:47:08	4	A	Floating	Riv	0.Riv.Floating	Riv.A.4	F	17	199	523	623	476	0.161	32.2	484	0.84	0.719	0.067	0.665	0.04	499	648	0.23
2014-07-23	0	18:47:27	4	A	Floating	Riv	0.Riv.Floating	Riv.A.4	F	17	200	514	595	638	0.136	36.4	467	0.84	0.633	0.141	0.575	0.089	499	648	0.23
2014-07-23	0	18:47:47	4	A	Floating	Riv	0.Riv.Floating	Riv.A.4	F	17	201	502	564	926	0.11	42.8	448	0.84	0.534	0.221	0.477	0.149	499	648	0.23
2014-07-23	0	18:48:07	4	A	Floating	Riv	0.Riv.Floating	Riv.A.4	F	17	202	484	533	1227	0.092	47.4	428	0.84	0.467	0.295	0.413	0.216	499	648	0.23
2014-07-23	0	18:50:20	4	B	Floating	Clad_Y	0.Clad_Y.Floating	Clad_Y.B.4	FO	17	204	627	1517	1	0.587	0.2	NA	0.84	NA	NA	NA	NA	627	1517	0.587
2014-07-23	0	18:50:39	4	B	Floating	Clad_Y	0.Clad_Y.Floating	Clad_Y.B.4	F	17	205	652	1252	38	0.479	7.6	577	0.84	0.889	0.242	0.787	0.212	627	1517	0.587
2014-07-23	0	18:50:59	4	B	Floating	Clad_Y	0.Clad_Y.Floating	Clad_Y.B.4	F	17	206	618	991	101	0.376	15.9	514	0.84	0.782	0.464	0.65	0.531	627	1517	0.587
2014-07-23	0	18:51:18	4	B	Floating	Clad_Y	0.Clad_Y.Floating	Clad_Y.B.4	F	17	207	587	818	205	0.282	24.3	463	0.84	0.651	0.601	0.513	0.855	627	1517	0.587
2014-07-23	0	18:51:38	4	B	Floating	Clad_Y	0.Clad_Y.Floating	Clad_Y.B.4	F	17	208	563	709	331	0.206	28.6	426	0.84	0.516	0.682	0.39	1.14	627	1517	0.587
2014-07-23	0	18:51:58	4	B	Floating	Clad_Y	0.Clad_Y.Floating	Clad_Y.B.4	F	17	209	538	646	476	0.167	33.4	403	0.84	0.444	0.727	0.333	1.348	627	1517	0.587
2014-07-23	0	18:52:17	4	B	Floating	Clad_Y	0.Clad_Y.Floating	Clad_Y.B.4	F	17	210	520	601	638	0.135	36.2	385	0.84	0.375	0.757	0.278	1.524	627	1517	0.587
2014-07-23	0	18:52:37	4	B	Floating	Clad_Y	0.Clad_Y.Floating	Clad_Y.B.4	F	17	211	513	568	926	0.097	37.7	371	0.84	0.279	0.779	0.202	1.671	627	1517	0.587
2014-07-23	0	18:52:56	4	B	Floating	Clad_Y	0.Clad_Y.Floating	Clad_Y.B.4	F	17	212	502	543	1227	0.076	39.2	360	0.84	0.224	0.794	0.161	1.794	627	1517	0.587
2014-07-23	0	18:55:36	4	D	Floating	Phorm	0.Phorm.Floating	Phorm.D.4	FO	17	215	498	865	1	0.424	0.2	NA	0.84	NA	NA	NA	NA	498	865	0.424
2014-07-23	0	18:55:55	4	D	Floating	Phorm	0.Phorm.Floating	Phorm.D.4	F	17	216	505	867	38	0.418	6.7	499	0.84	0.984	-0.003	0.972	-0.002	498	865	0.424
2014-07-23	0	18:56:15	4	D	Floating	Phorm	0.Phorm.Floating	Phorm.D.4	F	17	217	519	845	101	0.386	16.4	491	0.84	0.921	0.035	0.871	0.024	498	865	0.424
2014-07-23	0	18:56:34	4	D	Floating	Phorm	0.Phorm.Floating	Phorm.D.4	F	17	218	537	808	205	0.335	28.8	479	0.84	0.824	0.104	0.735	0.071	498	865	0.424
2014-07-23	0	18:56:54	4	D	Floating	Phorm	0.Phorm.Floating	Phorm.D.4	F	17	219	556	767	331	0.275	38.2	464	0.84	0.696	0.174	0.581	0.128	498	865	0.424
2014-07-23	0	18:57:13	4	D	Floating	Phorm	0.Phorm.Floating	Phorm.D.4	F	17	220	569	732	476	0.223	44.6	451	0.84	0.58	0.234	0.46	0.182	498	865	0.424
2014-07-23	0	18:57:33	4	D	Floating	Phorm	0.Phorm.Floating	Phorm.D.4	F	17	221	519	629	638	0.175	46.9	410	0.84	0.502	0.403	0.397	0.375	498	865	0.424
2014-07-23	0	18:57:53	4	D	Floating	Phorm	0.Phorm.Floating	Phorm.D.4	F	17	222	520	593	926	0.123	47.8	394	0.84	0.367	0.458	0.278	0.459	498	865	0.424
2014-07-23	0	18:58:12	4	D	Floating	Phorm	0.Phorm.Floating	Phorm.D.4	F	17	223	514	565	1227	0.09	46.4	381	0.84	0.277	0.499	0.205	0.531	498	865	0.424
2014-07-23	0	19:00:41	4	E	Floating	Nostoc	0.Nostoc.Floating	Nostoc.E.4	FO	17	225	191	236	1	0.191	0.1	NA	0.84	NA	NA	NA	NA	191	236	0.191
2014-07-23	0	19:01:01	4	E	Floating	Nostoc	0.Nostoc.Floating	Nostoc.E.4	F	17	226	192	242	38	0.207	3.3	195	0.84	1.064	-0.044	1.081	-0.025	191	236	0.191
2014-07-23	0	19:01:20	4	E	Floating	Nostoc	0.Nostoc.Floating	Nostoc.E.4	F	17	227	185	224	101	0.174	7.4	183	0.84	0.951	0.089	0.941	0.054	191	236	0.191
2014-07-23	0	19:01:40	4	E	Floating	Nostoc	0.Nostoc.Floating	Nostoc.E.4	F	17	228	174	203	205	0.143	12.3	169	0.84	0.853	0.244	0.828	0.163	191	236	0.191
2014-07-23	0	19:02:00	4	E	Floating	Nostoc	0.Nostoc.Floating	Nostoc.E.4	F	17	229	160	180	331	0.111	15.4	153	0.84	0.741	0.4	0.709	0.311	191	236	0.191
2014-07-23	0	19:02:19	4	E	Floating	Nostoc	0.Nostoc.Floating	Nostoc.E.4	F	17	230	148	162	476	0.086	17.2	139	0.84	0.609	0.489	0.572	0.457	191	236	0.191
2014-07-23	0	19:02:39	4	E	Floating	Nostoc	0.Nostoc.Floating	Nostoc.E.4	F	17	231	138	150	638	0.08	21.4	130	0.84	0.6	0.556	0.565	0.573	191	236	0.191
2014-07-23	0	19:02:58	4	E	Floating	Nostoc	0.Nostoc.Floating	Nostoc.E.4	F	17	232	130	138	926	0.058	22.6	121	0.84	0.471	0.622	0.438	0.71	191	236	0.191
2014-07-23	0	19:03:18	4	E	Floating	Nostoc	0.Nostoc.Floating	Nostoc.E.4	F	17	233	118	126	1227	0.063	32.5	112	0.84	0.571	0.689	0.542	0.873	191	236	0.191
2014-07-23	0	19:12:18	4	F	Floating	Cyano_Spires	0.Cyano_Spires.Floating	Cyano_Spires.F.4	FO	17	244	899	1441	1	0.376	0.2	NA	0.84	NA	NA	NA	NA	899	1441	0.376
2014-07-23	0	19:12:37	4	F	Floating	Cyano_Spires	0.Cyano_Spires.Floating	Cyano_Spires.F.4	F	17	245	961	1570	38	0.388	6.2	948	0.84	0.979	-0.148	0.966	-0.082	899	1441	0.376
2014-07-23	0	19:12:57	4	F	Floating	Cyano_Spires	0.Cyano_Spires.Floating	Cyano_Spires.F.4	F	17	246	951	1452	101	0.345	14.6	903	0.84	0.913	-0.013	0.867	-0.008	899	1441	0.376
2014-07-23	0	19:13:16	4	F	Floating	Cyano_Spires	0.Cyano_Spires.Floating	Cyano_Spires.F.4	F	17	247	937	1316	205	0.288	24.8	849	0.84	0.812	0.138	0.736	0.095	899	1441	0.376
2014-07-23	0	19:13:36	4	F	Floating	Cyano_Spires	0.Cyano_Spires.Floating	Cyano_Spires.F.4	F	17	248	913	1181	331	0.227	31.6	790	0.84	0.685	0.279	0.593	0.22	899	1441	0.376
2014-07-23	0	19:13:56	4	F	Floating	Cyano_Spires	0.Cyano_Spires.Floating	Cyano_Spires.F.4	F	17	249	891	1093	476	0.185	37	750	0.84	0.589	0.367	0.496	0.318	899	1441	0.376
2014-07-23	0	19:14:15	4	F	Floating	Cyano_Spires	0.Cyano_Spires.Floating	Cyano_Spires.F.4	F	17	250	874	1026	638	0.148	39.7	718	0.84	0.494	0.432	0.406	0.404	899	1441	0.376
2014-07-23	0	19:14:35	4	F	Floating	Cyano_Spires	0.Cyano_Spires.Floating	Cyano_Spires.F.4	F	17	251	861	964	926	0.107	41.6	687	0.84	0.372	0.489	0.297	0.495	899	1441	0.376
2014-07-23	0	19:14:54	4	F	Floating	Cyano_Spires	0.Cyano_Spires.Floating	Cyano_Spires.F.4	F	17	252	818	894	1227	0.085	43.8	651	0.84	0.313	0.552	0.249	0.612	899	1441	0.376
2014-07-23	0	19:16:37	4	G	Floating	Clad_R	0.Clad_R.Floating	Clad_R.G.4	FO	17	254	790	1851	1	0.573	0.2	NA	0.84	NA	NA	NA	NA	790	1851	0.573
2014-07-23	0	19:16:55	4	G	Floating	Clad_R	0.Clad_R.Floating	Clad_R.G.4	F	17	255	842	1684	38	0.5	8	758	0.84	0.909	0.127	0.818	0.099	790	1851	0.573
2014-07-23	0	19:17:15	4	G	Floating	Clad_R	0.Clad_R.Floating	Clad_R.G.4	F	17	256	754	1265	101	0.404	17.1	660	0.84	0.845	0.43	0.74	0.463	790	1851	0.573
2014-07-23	0	19:17:34	4	G	Floating	Clad_R	0.Clad_R.Floating	Clad_R.G.4	F	17	257	703	1010	205	0.304	26.2	583	0.84	0.719	0.598	0.596	0.833	790	1851	0.573
2014-07-23	0	19:17:54	4	G	Floating	Clad_R	0.Clad_R.Floating	Clad_R.G.4	F	17	258	661	862	331	0.233	32.4	530	0.84	0.605	0.687	0.485	1.147	790	1851	0.573
2014-07-23	0	19:18:14	4	G	Floating	Clad_R	0.Clad_R.Floating	Clad_R.G.4	F	17	259	627	777	476	0.193	38.6	497	0.84	0.536	0.736	0.425	1.382	790	1851	0.573
2014-07-23	0	19:18:33	4	G	Floating	Clad_R	0.Clad_R.Floating	Clad_R.G.4	F	17	260	690	817	638	0.155	41.5	513	0.84	0.418	0.713	0.311	1.266	790	1851	0.573
2014-07-23	0	19:18:53	4	G	Floating	Clad_R	0.Clad_R.Floating	Clad_R.G.4	F	17	261	677	765	926	0.115	44.7	492	0.84	0.322	0.743	0.234	1.42	790	1851	0.573
2014-07-23	0	19:19:12	4	G	Floating	Clad_R	0.Clad_R.Floating	Clad_R.G.4	F	17	262	666	728	1227	0.085	43.8	476	0.84	0.246	0.762	0.176	1.543	790	1851	0.573
2014-07-23	0	19:26:40	5	A	Benthic	Clad_R	0.Clad_R.Benthic	Clad_R.A.5	FO	17	265	771	2036	1	0.621	0.3	NA	0.84	NA	NA	NA	NA	771	2036	0.621
2014-07-23	0	19:26:59	5	A	Benthic	Clad_R	0.Clad_R.Benthic	Clad_R.A.5	F	17	266	837	1857	38	0.549	8.8	744	0.84	0.916	0.12	0.814	0.096	771	2036	0.621
2014-07-23	0	19:27:19	5	A	Benthic	Clad_R	0.Clad_R.Benthic	Clad_R.A.5	F	17	267	846	1526	101	0.446	18.9	684	0.84	0.808	0.334	0.653	0.334	771	2036	0.621
2014-07-23	0	19:27:38	5	A	Benthic	Clad_R	0.Clad_R.Benthic	Clad_R.A.5	F	17	268	821	1266	205	0.352	30.3	627	0.84	0.696	0.495	0.532	0.608	771	2036	0.621
2014-07-23	0	19:27:58	5	A	Benthic	Clad_R	0.Clad_R.Benthic	Clad_R.A.5	F	17	269	789	1089	331	0.275	38.2	580	0.84	0.589	0.598	0.433	0.87	771	2036	0.621
2014-07-23	0	19:28:18	5	A	Benthic	Clad_R	0.Clad_R.Benthic	Clad_R.A.5	F	17	270	742	978	476	0.241	48.2	547	0.84	0.548	0.659	0.404	1.082	771	2036	0.621
2014-07-23	0	19:28:37	5	A	Benthic	Clad_R	0.Clad_R.Benthic	Clad_R.A.5	F	17	271	719	895	638	0.197	52.8	520	0.84	0.469	0.704	0.339	1.275	771	2036	0.621
2014-07-23	0	19:28:57	5	A	Benthic	Clad_R	0.Clad_R.Benthic	Clad_R.A.5	F	17	272	701	826	926	0.151	58.7	496	0.84	0.379	0.739	0.268	1.465	771	2036	0.621
2014-07-23	0	19:29:16	5	A	Benthic	Clad_R	0.Clad_R.Benthic	Clad_R.A.5	F	17	273	680	772	1227	0.119	61.3	476	0.84	0.311	0.766	0.218	1.637	771	2036	0.621
2014-07-23	0	19:31:29	5	B	Benthic	Nostoc	0.Nostoc.Benthic	Nostoc.B.5	FO	17	275	309	441	1	0.299	0.1	NA	0.84	NA	NA	NA	NA	309	441	0.299
2014-07-23	0	19:31:49	5	B	Benthic	Nostoc	0.Nostoc.Benthic	Nostoc.B.5	F	17	276	318	448	38	0.29	4.6	312	0.84	0.956	-0.03	0.938	-0.016	309	441	0.299
2014-07-23	0	19:32:09	5	B	Benthic	Nostoc	0.Nostoc.Benthic	Nostoc.B.5	F	17	277	316	416	101	0.24	10.2	297	0.84	0.84	0.098	0.789	0.06	309	441	0.299
2014-07-23	0	19:32:28	5	B	Benthic	Nostoc	0.Nostoc.Benthic	Nostoc.B.5	F	17	278	307	375	205	0.181	15.6	275	0.84	0.68	0.242	0.609	0.176	309	441	0.299
2014-07-23	0	19:32:48	5	B	Benthic	Nostoc	0.Nostoc.Benthic	Nostoc.B.5	F	17	279	306	350	331	0.126	17.5	261	0.84	0.494	0.326	0.421	0.26	309	441	0.299
2014-07-23	0	19:33:07	5	B	Benthic	Nostoc	0.Nostoc.Benthic	Nostoc.B.5	F	17	280	290	320	476	0.094	18.8	244	0.84	0.395	0.424	0.332	0.378	309	441	0.299
2014-07-23	0	19:33:27	5	B	Benthic	Nostoc	0.Nostoc.Benthic	Nostoc.B.5	F	17	281	276	298	638	0.074	19.8	231	0.84	0.328	0.492	0.275	0.48	309	441	0.299
2014-07-23	0	19:33:47	5	B	Benthic	Nostoc	0.Nostoc.Benthic	Nostoc.B.5	F	17	282	260	271	926	0.041	15.9	215	0.84	0.196	0.576	0.162	0.627	309	441	0.299
2014-07-23	0	19:34:06	5	B	Benthic	Nostoc	0.Nostoc.Benthic	Nostoc.B.5	F	17	283	248	255	1227	0.027	13.9	204	0.84	0.137	0.614	0.113	0.729	309	441	0.299
2014-07-23	0	19:36:43	5	C	Benthic	Clad_Y	0.Clad_Y.Benthic	Clad_Y.C.5	FO	17	286	509	1153	1	0.559	0.2	NA	0.84	NA	NA	NA	NA	509	1153	0.559
2014-07-23	0	19:37:03	5	C	Benthic	Clad_Y	0.Clad_Y.Benthic	Clad_Y.C.5	F	17	287	547	1033	38	0.47	7.5	484	0.84	0.885	0.148	0.783	0.116	509	1153	0.559
2014-07-23	0	19:37:22	5	C	Benthic	Clad_Y	0.Clad_Y.Benthic	Clad_Y.C.5	F	17	288	546	821	101	0.335	14.2	432	0.84	0.707	0.396	0.559	0.404	509	1153	0.559
2014-07-23	0	19:37:42	5	C	Benthic	Clad_Y	0.Clad_Y.Benthic	Clad_Y.C.5	F	17	289	517	679	205	0.239	20.6	389	0.84	0.559	0.55	0.421	0.698	509	1153	0.559
2014-07-23	0	19:38:02	5	C	Benthic	Clad_Y	0.Clad_Y.Benthic	Clad_Y.C.5	F	17	290	492	594	331	0.172	23.9	360	0.84	0.436	0.637	0.319	0.941	509	1153	0.559
2014-07-23	0	19:38:21	5	C	Benthic	Clad_Y	0.Clad_Y.Benthic	Clad_Y.C.5	F	17	291	469	544	476	0.138	27.6	341	0.84	0.369	0.685	0.268	1.119	509	1153	0.559
2014-07-23	0	19:38:41	5	C	Benthic	Clad_Y	0.Clad_Y.Benthic	Clad_Y.C.5	F	17	292	447	499	638	0.104	27.9	322	0.84	0.294	0.725	0.212	1.311	509	1153	0.559
2014-07-23	0	19:39:00	5	C	Benthic	Clad_Y	0.Clad_Y.Benthic	Clad_Y.C.5	F	17	293	436	472	926	0.076	29.6	311	0.84	0.224	0.75	0.16	1.443	509	1153	0.559
2014-07-23	0	19:39:20	5	C	Benthic	Clad_Y	0.Clad_Y.Benthic	Clad_Y.C.5	F	17	294	426	451	1227	0.055	28.3	302	0.84	0.168	0.769	0.119	1.557	509	1153	0.559
2014-07-23	0	19:41:03	5	D	Benthic	Cyano_Spires	0.Cyano_Spires.Benthic	Cyano_Spires.D.5	FO	17	296	809	1225	1	0.34	0.1	NA	0.84	NA	NA	NA	NA	809	1225	0.34
2014-07-23	0	19:41:23	5	D	Benthic	Cyano_Spires	0.Cyano_Spires.Benthic	Cyano_Spires.D.5	F	17	297	827	1317	38	0.372	5.9	848	0.84	1.045	-0.127	1.072	-0.07	809	1225	0.34
2014-07-23	0	19:41:42	5	D	Benthic	Cyano_Spires	0.Cyano_Spires.Benthic	Cyano_Spires.D.5	F	17	298	852	1289	101	0.339	14.4	836	0.84	0.965	-0.089	0.947	-0.05	809	1225	0.34
2014-07-23	0	19:42:02	5	D	Benthic	Cyano_Spires	0.Cyano_Spires.Benthic	Cyano_Spires.D.5	F	17	299	861	1228	205	0.299	25.7	810	0.84	0.878	-0.005	0.826	-0.002	809	1225	0.34
2014-07-23	0	19:42:22	5	D	Benthic	Cyano_Spires	0.Cyano_Spires.Benthic	Cyano_Spires.D.5	F	17	300	854	1123	331	0.24	33.4	763	0.84	0.747	0.135	0.667	0.091	809	1225	0.34
2014-07-23	0	19:42:41	5	D	Benthic	Cyano_Spires	0.Cyano_Spires.Benthic	Cyano_Spires.D.5	F	17	301	835	1048	476	0.203	40.6	728	0.84	0.666	0.231	0.581	0.169	809	1225	0.34
2014-07-23	0	19:43:01	5	D	Benthic	Cyano_Spires	0.Cyano_Spires.Benthic	Cyano_Spires.D.5	F	17	302	820	979	638	0.162	43.4	694	0.84	0.558	0.315	0.472	0.251	809	1225	0.34
2014-07-23	0	19:43:20	5	D	Benthic	Cyano_Spires	0.Cyano_Spires.Benthic	Cyano_Spires.D.5	F	17	303	796	907	926	0.122	47.4	657	0.84	0.444	0.399	0.366	0.351	809	1225	0.34
2014-07-23	0	19:43:40	5	D	Benthic	Cyano_Spires	0.Cyano_Spires.Benthic	Cyano_Spires.D.5	F	17	304	756	836	1227	0.096	49.5	619	0.84	0.369	0.478	0.302	0.465	809	1225	0.34
2014-07-23	0	19:45:37	5	E	Benthic	Phorm	0.Phorm.Benthic	Phorm.E.5	FO	17	306	647	1043	1	0.38	0.2	NA	0.84	NA	NA	NA	NA	647	1043	0.38
2014-07-23	0	19:45:57	5	E	Benthic	Phorm	0.Phorm.Benthic	Phorm.E.5	F	17	307	653	1125	38	0.42	6.7	678	0.84	1.056	-0.129	1.096	-0.073	647	1043	0.38
2014-07-23	0	19:46:17	5	E	Benthic	Phorm	0.Phorm.Benthic	Phorm.E.5	F	17	308	671	1125	101	0.404	17.1	678	0.84	1.016	-0.129	1.027	-0.073	647	1043	0.38
2014-07-23	0	19:46:36	5	E	Benthic	Phorm	0.Phorm.Benthic	Phorm.E.5	F	17	309	695	1094	205	0.365	31.4	666	0.84	0.932	-0.081	0.893	-0.047	647	1043	0.38
2014-07-23	0	19:46:56	5	E	Benthic	Phorm	0.Phorm.Benthic	Phorm.E.5	F	17	310	715	1043	331	0.314	43.7	647	0.84	0.828	0	0.749	0	647	1043	0.38
2014-07-23	0	19:47:15	5	E	Benthic	Phorm	0.Phorm.Benthic	Phorm.E.5	F	17	311	730	1002	476	0.271	54.2	631	0.84	0.733	0.063	0.634	0.041	647	1043	0.38
2014-07-23	0	19:47:35	5	E	Benthic	Phorm	0.Phorm.Benthic	Phorm.E.5	F	17	312	740	959	638	0.228	61.1	614	0.84	0.635	0.129	0.527	0.088	647	1043	0.38
2014-07-23	0	19:47:55	5	E	Benthic	Phorm	0.Phorm.Benthic	Phorm.E.5	F	17	313	747	909	926	0.178	69.2	593	0.84	0.513	0.202	0.407	0.147	647	1043	0.38
2014-07-23	0	19:48:14	5	E	Benthic	Phorm	0.Phorm.Benthic	Phorm.E.5	F	17	314	738	859	1227	0.141	72.7	571	0.84	0.42	0.273	0.325	0.214	647	1043	0.38
2014-07-23	0	19:49:45	5	G	Benthic	Riv	0.Riv.Benthic	Riv.G.5	FO	17	316	538	699	1	0.23	0.1	NA	0.84	NA	NA	NA	NA	538	699	0.23
2014-07-23	0	19:50:04	5	G	Benthic	Riv	0.Riv.Benthic	Riv.G.5	F	17	317	553	727	38	0.239	3.8	554	0.84	1.006	-0.075	1.008	-0.039	538	699	0.23
2014-07-23	0	19:50:24	5	G	Benthic	Riv	0.Riv.Benthic	Riv.G.5	F	17	318	563	722	101	0.22	9.3	552	0.84	0.935	-0.056	0.917	-0.032	538	699	0.23
2014-07-23	0	19:50:43	5	G	Benthic	Riv	0.Riv.Benthic	Riv.G.5	F	17	319	564	701	205	0.195	16.8	539	0.84	0.846	-0.006	0.809	-0.003	538	699	0.23
2014-07-23	0	19:51:03	5	G	Benthic	Riv	0.Riv.Benthic	Riv.G.5	F	17	320	555	668	331	0.169	23.5	519	0.84	0.758	0.075	0.709	0.046	538	699	0.23
2014-07-23	0	19:51:22	5	G	Benthic	Riv	0.Riv.Benthic	Riv.G.5	F	17	321	546	642	476	0.15	30	504	0.84	0.696	0.143	0.642	0.089	538	699	0.23
2014-07-23	0	19:51:42	5	G	Benthic	Riv	0.Riv.Benthic	Riv.G.5	F	17	322	538	616	638	0.127	34	487	0.84	0.605	0.199	0.548	0.135	538	699	0.23
2014-07-23	0	19:52:02	5	G	Benthic	Riv	0.Riv.Benthic	Riv.G.5	F	17	323	528	588	926	0.102	39.7	470	0.84	0.508	0.267	0.452	0.189	538	699	0.23
2014-07-23	0	19:52:21	5	G	Benthic	Riv	0.Riv.Benthic	Riv.G.5	F	17	324	508	556	1227	0.086	44.3	449	0.84	0.449	0.335	0.397	0.257	538	699	0.23
2014-07-23	0	20:11:40	6	B	Floating	Riv	0.Riv.Floating	Riv.B.6	FO	17	327	355	481	1	0.262	0.1	NA	0.84	NA	NA	NA	NA	355	481	0.262
2014-07-23	0	20:11:59	6	B	Floating	Riv	0.Riv.Floating	Riv.B.6	F	17	328	367	502	38	0.269	4.3	366	0.84	0.993	-0.079	0.99	-0.042	355	481	0.262
2014-07-23	0	20:12:19	6	B	Floating	Riv	0.Riv.Floating	Riv.B.6	F	17	329	376	506	101	0.257	10.9	368	0.84	0.942	-0.095	0.922	-0.049	355	481	0.262
2014-07-23	0	20:12:38	6	B	Floating	Riv	0.Riv.Floating	Riv.B.6	F	17	330	382	496	205	0.23	19.8	363	0.84	0.857	-0.056	0.814	-0.03	355	481	0.262
2014-07-23	0	20:12:58	6	B	Floating	Riv	0.Riv.Floating	Riv.B.6	F	17	331	377	470	331	0.198	27.5	349	0.84	0.769	0.04	0.712	0.023	355	481	0.262
2014-07-23	0	20:13:18	6	B	Floating	Riv	0.Riv.Floating	Riv.B.6	F	17	332	375	454	476	0.174	34.8	340	0.84	0.693	0.095	0.628	0.059	355	481	0.262
2014-07-23	0	20:13:37	6	B	Floating	Riv	0.Riv.Floating	Riv.B.6	F	17	333	371	438	638	0.153	41	331	0.84	0.626	0.151	0.559	0.098	355	481	0.262
2014-07-23	0	20:13:57	6	B	Floating	Riv	0.Riv.Floating	Riv.B.6	F	17	334	364	416	926	0.125	48.6	318	0.84	0.531	0.222	0.464	0.156	355	481	0.262
2014-07-23	0	20:14:16	6	B	Floating	Riv	0.Riv.Floating	Riv.B.6	F	17	335	354	395	1227	0.104	53.6	306	0.84	0.461	0.294	0.398	0.218	355	481	0.262
2014-07-23	0	20:21:40	6	C	Floating	Clad_R	0.Clad_R.Floating	Clad_R.C.6	FO	17	348	533	1340	1	0.602	0.3	NA	0.84	NA	NA	NA	NA	533	1340	0.602
2014-07-23	0	20:21:59	6	C	Floating	Clad_R	0.Clad_R.Floating	Clad_R.C.6	F	17	349	689	1084	101	0.364	15.4	487	0.84	0.662	0.26	0.468	0.236	533	1340	0.602
2014-07-23	0	20:22:19	6	C	Floating	Clad_R	0.Clad_R.Floating	Clad_R.C.6	F	17	350	614	896	205	0.315	27.1	445	0.84	0.625	0.441	0.453	0.496	533	1340	0.602
2014-07-23	0	20:22:38	6	C	Floating	Clad_R	0.Clad_R.Floating	Clad_R.C.6	F	17	351	548	730	331	0.249	34.6	400	0.84	0.552	0.591	0.403	0.836	533	1340	0.602
2014-07-23	0	20:22:58	6	C	Floating	Clad_R	0.Clad_R.Floating	Clad_R.C.6	F	17	352	504	644	476	0.217	43.4	373	0.84	0.517	0.664	0.383	1.081	533	1340	0.602
2014-07-23	0	20:23:17	6	C	Floating	Clad_R	0.Clad_R.Floating	Clad_R.C.6	F	17	353	477	580	638	0.178	47.7	350	0.84	0.448	0.715	0.329	1.31	533	1340	0.602
2014-07-23	0	20:23:37	6	C	Floating	Clad_R	0.Clad_R.Floating	Clad_R.C.6	F	17	354	467	540	926	0.135	52.5	335	0.84	0.356	0.746	0.255	1.481	533	1340	0.602
2014-07-23	0	20:23:57	6	C	Floating	Clad_R	0.Clad_R.Floating	Clad_R.C.6	F	17	355	462	516	1227	0.105	54.1	326	0.84	0.284	0.765	0.2	1.597	533	1340	0.602
2014-07-23	0	20:26:07	6	D	Floating	Nostoc	0.Nostoc.Floating	Nostoc.D.6	FO	17	358	337	415	1	0.188	0.1	NA	0.84	NA	NA	NA	NA	337	415	0.188
2014-07-23	0	20:26:26	6	D	Floating	Nostoc	0.Nostoc.Floating	Nostoc.D.6	F	17	359	366	453	101	0.192	8.1	362	0.84	0.956	-0.167	0.946	-0.084	337	415	0.188
2014-07-23	0	20:26:45	6	D	Floating	Nostoc	0.Nostoc.Floating	Nostoc.D.6	F	17	360	373	450	205	0.171	14.7	360	0.84	0.856	-0.154	0.826	-0.078	337	415	0.188
2014-07-23	0	20:27:05	6	D	Floating	Nostoc	0.Nostoc.Floating	Nostoc.D.6	F	17	361	366	428	331	0.145	20.2	346	0.84	0.756	-0.051	0.715	-0.03	337	415	0.188
2014-07-23	0	20:27:25	6	D	Floating	Nostoc	0.Nostoc.Floating	Nostoc.D.6	F	17	362	359	407	476	0.118	23.6	332	0.84	0.64	0.038	0.592	0.02	337	415	0.188
2014-07-23	0	20:27:44	6	D	Floating	Nostoc	0.Nostoc.Floating	Nostoc.D.6	F	17	363	348	386	638	0.098	26.3	318	0.84	0.559	0.128	0.511	0.075	337	415	0.188
2014-07-23	0	20:28:04	6	D	Floating	Nostoc	0.Nostoc.Floating	Nostoc.D.6	F	17	364	335	361	926	0.072	28	300	0.84	0.426	0.218	0.381	0.15	337	415	0.188
2014-07-23	0	20:28:23	6	D	Floating	Nostoc	0.Nostoc.Floating	Nostoc.D.6	F	17	365	315	335	1227	0.06	30.9	282	0.84	0.377	0.321	0.338	0.239	337	415	0.188
2014-07-23	0	20:30:46	6	E	Floating	Cyano_Spires	0.Cyano_Spires.Floating	Cyano_Spires.E.6	FO	17	368	901	1458	1	0.382	0.2	NA	0.84	NA	NA	NA	NA	901	1458	0.382
2014-07-23	0	20:31:05	6	E	Floating	Cyano_Spires	0.Cyano_Spires.Floating	Cyano_Spires.E.6	F	17	369	1014	1435	101	0.293	12.4	892	0.84	0.775	0.025	0.682	0.016	901	1458	0.382
2014-07-23	0	20:31:25	6	E	Floating	Cyano_Spires	0.Cyano_Spires.Floating	Cyano_Spires.E.6	F	17	370	954	1317	205	0.276	23.8	845	0.84	0.769	0.153	0.681	0.107	901	1458	0.382
2014-07-23	0	20:31:45	6	E	Floating	Cyano_Spires	0.Cyano_Spires.Floating	Cyano_Spires.E.6	F	17	371	912	1188	331	0.232	32.3	790	0.84	0.693	0.285	0.6	0.227	901	1458	0.382
2014-07-23	0	20:32:04	6	E	Floating	Cyano_Spires	0.Cyano_Spires.Floating	Cyano_Spires.E.6	F	17	372	889	1110	476	0.199	39.8	755	0.84	0.623	0.363	0.529	0.314	901	1458	0.382
2014-07-23	0	20:32:24	6	E	Floating	Cyano_Spires	0.Cyano_Spires.Floating	Cyano_Spires.E.6	F	17	373	872	1039	638	0.161	43.1	721	0.84	0.525	0.429	0.434	0.403	901	1458	0.382
2014-07-23	0	20:32:43	6	E	Floating	Cyano_Spires	0.Cyano_Spires.Floating	Cyano_Spires.E.6	F	17	374	852	972	926	0.123	47.8	688	0.84	0.423	0.49	0.342	0.5	901	1458	0.382
2014-07-23	0	20:33:03	6	E	Floating	Cyano_Spires	0.Cyano_Spires.Floating	Cyano_Spires.E.6	F	17	375	818	904	1227	0.095	49	654	0.84	0.344	0.551	0.275	0.613	901	1458	0.382
2014-07-23	0	20:36:19	6	F	Floating	Phorm	0.Phorm.Floating	Phorm.F.6	FO	17	378	369	586	1	0.37	0.2	NA	0.84	NA	NA	NA	NA	369	586	0.37
2014-07-23	0	20:36:38	6	F	Floating	Phorm	0.Phorm.Floating	Phorm.F.6	F	17	379	402	623	101	0.355	15.1	383	0.84	0.921	-0.106	0.877	-0.059	369	586	0.37
2014-07-23	0	20:36:58	6	F	Floating	Phorm	0.Phorm.Floating	Phorm.F.6	F	17	380	403	594	205	0.322	27.7	372	0.84	0.86	-0.023	0.794	-0.013	369	586	0.37
2014-07-23	0	20:37:18	6	F	Floating	Phorm	0.Phorm.Floating	Phorm.F.6	F	17	381	407	563	331	0.277	38.5	360	0.84	0.768	0.065	0.679	0.041	369	586	0.37
2014-07-23	0	20:37:37	6	F	Floating	Phorm	0.Phorm.Floating	Phorm.F.6	F	17	382	415	547	476	0.241	48.2	353	0.84	0.68	0.106	0.578	0.071	369	586	0.37
2014-07-23	0	20:37:57	6	F	Floating	Phorm	0.Phorm.Floating	Phorm.F.6	F	17	383	418	522	638	0.199	53.3	343	0.84	0.581	0.175	0.477	0.123	369	586	0.37
2014-07-23	0	20:38:16	6	F	Floating	Phorm	0.Phorm.Floating	Phorm.F.6	F	17	384	418	491	926	0.149	57.9	329	0.84	0.451	0.253	0.355	0.193	369	586	0.37
2014-07-23	0	20:38:36	6	F	Floating	Phorm	0.Phorm.Floating	Phorm.F.6	F	17	385	411	465	1227	0.116	59.8	317	0.84	0.365	0.318	0.282	0.26	369	586	0.37
2014-07-23	0	20:41:26	6	G	Floating	Clad_Y	0.Clad_Y.Floating	Clad_Y.G.6	FO	17	390	659	1821	1	0.638	0.3	NA	0.84	NA	NA	NA	NA	659	1821	0.638
2014-07-23	0	20:41:46	6	G	Floating	Clad_Y	0.Clad_Y.Floating	Clad_Y.G.6	F	17	391	825	1394	101	0.408	17.3	593	0.84	0.71	0.311	0.51	0.306	659	1821	0.638
2014-07-23	0	20:42:05	6	G	Floating	Clad_Y	0.Clad_Y.Floating	Clad_Y.G.6	F	17	392	753	1135	205	0.337	29	541	0.84	0.643	0.489	0.462	0.604	659	1821	0.638
2014-07-23	0	20:42:25	6	G	Floating	Clad_Y	0.Clad_Y.Floating	Clad_Y.G.6	F	17	393	705	957	331	0.263	36.6	497	0.84	0.548	0.604	0.386	0.903	659	1821	0.638
2014-07-23	0	20:42:44	6	G	Floating	Clad_Y	0.Clad_Y.Floating	Clad_Y.G.6	F	17	394	673	871	476	0.227	45.4	472	0.84	0.496	0.657	0.348	1.091	659	1821	0.638
2014-07-23	0	20:43:04	6	G	Floating	Clad_Y	0.Clad_Y.Floating	Clad_Y.G.6	F	17	395	656	802	638	0.182	48.8	451	0.84	0.416	0.698	0.286	1.271	659	1821	0.638
2014-07-23	0	20:43:24	6	G	Floating	Clad_Y	0.Clad_Y.Floating	Clad_Y.G.6	F	17	396	644	751	926	0.142	55.2	435	0.84	0.339	0.728	0.229	1.425	659	1821	0.638
2014-07-23	0	20:43:43	6	G	Floating	Clad_Y	0.Clad_Y.Floating	Clad_Y.G.6	F	17	397	634	712	1227	0.11	56.7	421	0.84	0.268	0.75	0.178	1.558	659	1821	0.638
2014-07-24	1	16:39:23	5	A	Benthic	Clad_R	1.Clad_R.Benthic	Clad_R.A.5	FO	25	517	788	1464	1	0.462	0.2	NA	0.84	NA	NA	NA	NA	788	1464	0.462
2014-07-24	1	16:40:08	5	A	Benthic	Clad_R	1.Clad_R.Benthic	Clad_R.A.5	FO	17	518	816	1455	1	0.439	0.2	NA	0.84	NA	NA	NA	NA	816	1455	0.439
2014-07-24	1	16:40:28	5	A	Benthic	Clad_R	1.Clad_R.Benthic	Clad_R.A.5	F	17	519	773	1137	101	0.32	13.6	705	0.84	0.843	0.324	0.769	0.28	816	1455	0.439
2014-07-24	1	16:40:47	5	A	Benthic	Clad_R	1.Clad_R.Benthic	Clad_R.A.5	F	17	520	718	992	205	0.276	23.8	647	0.84	0.794	0.46	0.715	0.467	816	1455	0.439
2014-07-24	1	16:41:07	5	A	Benthic	Clad_R	1.Clad_R.Benthic	Clad_R.A.5	F	17	521	665	863	331	0.229	31.8	589	0.84	0.723	0.571	0.64	0.686	816	1455	0.439
2014-07-24	1	16:41:26	5	A	Benthic	Clad_R	1.Clad_R.Benthic	Clad_R.A.5	F	17	522	640	792	476	0.192	38.4	555	0.84	0.641	0.629	0.556	0.837	816	1455	0.439
2014-07-24	1	16:41:46	5	A	Benthic	Clad_R	1.Clad_R.Benthic	Clad_R.A.5	F	17	523	604	722	638	0.163	43.7	520	0.84	0.584	0.684	0.503	1.015	816	1455	0.439
2014-07-24	1	16:42:06	5	A	Benthic	Clad_R	1.Clad_R.Benthic	Clad_R.A.5	F	17	524	574	652	926	0.12	46.7	483	0.84	0.462	0.736	0.389	1.232	816	1455	0.439
2014-07-24	1	16:42:25	5	A	Benthic	Clad_R	1.Clad_R.Benthic	Clad_R.A.5	F	17	525	546	603	1227	0.095	49	455	0.84	0.385	0.768	0.321	1.413	816	1455	0.439
2014-07-24	1	16:43:37	5	B	Benthic	Nostoc	1.Nostoc.Benthic	Nostoc.B.5	FO	25	527	343	392	1	0.125	0.1	NA	0.84	NA	NA	NA	NA	343	392	0.125
2014-07-24	1	16:43:52	5	B	Benthic	Nostoc	1.Nostoc.Benthic	Nostoc.B.5	FO	17	528	307	349	1	0.12	0.1	NA	0.84	NA	NA	NA	NA	307	349	0.12
2014-07-24	1	16:44:11	5	B	Benthic	Nostoc	1.Nostoc.Benthic	Nostoc.B.5	F	17	529	291	314	101	0.073	3.1	280	0.84	0.676	0.19	0.65	0.111	307	349	0.12
2014-07-24	1	16:44:31	5	B	Benthic	Nostoc	1.Nostoc.Benthic	Nostoc.B.5	F	17	530	254	275	205	0.076	6.5	248	0.84	0.778	0.357	0.76	0.269	307	349	0.12
2014-07-24	1	16:44:51	5	B	Benthic	Nostoc	1.Nostoc.Benthic	Nostoc.B.5	F	17	531	233	252	331	0.075	10.4	229	0.84	0.826	0.452	0.812	0.385	307	349	0.12
2014-07-24	1	16:45:10	5	B	Benthic	Nostoc	1.Nostoc.Benthic	Nostoc.B.5	F	17	532	217	233	476	0.069	13.8	213	0.84	0.8	0.524	0.785	0.498	307	349	0.12
2014-07-24	1	16:45:30	5	B	Benthic	Nostoc	1.Nostoc.Benthic	Nostoc.B.5	F	17	533	203	214	638	0.051	13.7	197	0.84	0.647	0.595	0.628	0.631	307	349	0.12
2014-07-24	1	16:45:49	5	B	Benthic	Nostoc	1.Nostoc.Benthic	Nostoc.B.5	F	17	534	190	200	926	0.05	19.4	185	0.84	0.667	0.643	0.649	0.745	307	349	0.12
2014-07-24	1	16:46:09	5	B	Benthic	Nostoc	1.Nostoc.Benthic	Nostoc.B.5	F	17	535	182	189	1227	0.037	19.1	176	0.84	0.538	0.69	0.52	0.847	307	349	0.12
2014-07-24	1	16:49:02	5	C	Benthic	Clad_Y	1.Clad_Y.Benthic	Clad_Y.C.5	FO	25	537	544	954	1	0.43	0.2	NA	0.84	NA	NA	NA	NA	544	954	0.43
2014-07-24	1	16:49:20	5	C	Benthic	Clad_Y	1.Clad_Y.Benthic	Clad_Y.C.5	FO	17	538	541	886	1	0.389	0.2	NA	0.84	NA	NA	NA	NA	541	886	0.389
2014-07-24	1	16:49:39	5	C	Benthic	Clad_Y	1.Clad_Y.Benthic	Clad_Y.C.5	F	17	539	477	616	101	0.226	9.6	427	0.84	0.735	0.452	0.658	0.438	541	886	0.389
2014-07-24	1	16:49:59	5	C	Benthic	Clad_Y	1.Clad_Y.Benthic	Clad_Y.C.5	F	17	540	417	509	205	0.181	15.6	373	0.84	0.676	0.606	0.605	0.741	541	886	0.389
2014-07-24	1	16:50:19	5	C	Benthic	Clad_Y	1.Clad_Y.Benthic	Clad_Y.C.5	F	17	541	377	441	331	0.145	20.2	335	0.84	0.604	0.693	0.537	1.009	541	886	0.389
2014-07-24	1	16:50:38	5	C	Benthic	Clad_Y	1.Clad_Y.Benthic	Clad_Y.C.5	F	17	542	354	403	476	0.122	24.4	312	0.84	0.538	0.736	0.474	1.199	541	886	0.389
2014-07-24	1	16:50:58	5	C	Benthic	Clad_Y	1.Clad_Y.Benthic	Clad_Y.C.5	F	17	543	339	378	638	0.103	27.6	297	0.84	0.481	0.765	0.421	1.344	541	886	0.389
2014-07-24	1	16:51:17	5	C	Benthic	Clad_Y	1.Clad_Y.Benthic	Clad_Y.C.5	F	17	544	325	353	926	0.079	30.7	281	0.84	0.389	0.791	0.336	1.51	541	886	0.389
2014-07-24	1	16:51:37	5	C	Benthic	Clad_Y	1.Clad_Y.Benthic	Clad_Y.C.5	F	17	545	322	342	1227	0.058	29.9	274	0.84	0.294	0.803	0.25	1.591	541	886	0.389
2014-07-24	1	16:53:14	5	D	Benthic	Cyano_Spires	1.Cyano_Spires.Benthic	Cyano_Spires.D.5	FO	25	547	655	994	1	0.341	0.1	NA	0.84	NA	NA	NA	NA	655	994	0.341
2014-07-24	1	16:53:41	5	D	Benthic	Cyano_Spires	1.Cyano_Spires.Benthic	Cyano_Spires.D.5	FO	17	549	674	986	1	0.316	0.1	NA	0.84	NA	NA	NA	NA	674	986	0.316
2014-07-24	1	16:53:59	5	D	Benthic	Cyano_Spires	1.Cyano_Spires.Benthic	Cyano_Spires.D.5	F	17	550	639	815	101	0.216	9.2	589	0.84	0.779	0.276	0.718	0.21	674	986	0.316
2014-07-24	1	16:54:19	5	D	Benthic	Cyano_Spires	1.Cyano_Spires.Benthic	Cyano_Spires.D.5	F	17	551	602	735	205	0.181	15.6	546	0.84	0.704	0.394	0.639	0.341	674	986	0.316
2014-07-24	1	16:54:39	5	D	Benthic	Cyano_Spires	1.Cyano_Spires.Benthic	Cyano_Spires.D.5	F	17	552	565	671	331	0.158	22	510	0.84	0.658	0.484	0.594	0.469	674	986	0.316
2014-07-24	1	16:54:58	5	D	Benthic	Cyano_Spires	1.Cyano_Spires.Benthic	Cyano_Spires.D.5	F	17	553	548	631	476	0.132	26.4	487	0.84	0.576	0.538	0.512	0.563	674	986	0.316
2014-07-24	1	16:55:18	5	D	Benthic	Cyano_Spires	1.Cyano_Spires.Benthic	Cyano_Spires.D.5	F	17	554	530	597	638	0.112	30	466	0.84	0.511	0.58	0.449	0.652	674	986	0.316
2014-07-24	1	16:55:37	5	D	Benthic	Cyano_Spires	1.Cyano_Spires.Benthic	Cyano_Spires.D.5	F	17	555	504	550	926	0.084	32.7	437	0.84	0.407	0.638	0.353	0.793	674	986	0.316
2014-07-24	1	16:55:57	5	D	Benthic	Cyano_Spires	1.Cyano_Spires.Benthic	Cyano_Spires.D.5	F	17	556	476	511	1227	0.068	35	412	0.84	0.354	0.683	0.306	0.93	674	986	0.316
2014-07-24	1	16:57:28	5	E	Benthic	Phorm	1.Phorm.Benthic	Phorm.E.5	FO	25	558	329	475	1	0.307	0.1	NA	0.84	NA	NA	NA	NA	329	475	0.307
2014-07-24	1	16:57:42	5	E	Benthic	Phorm	1.Phorm.Benthic	Phorm.E.5	FO	17	559	318	438	1	0.274	0.1	NA	0.84	NA	NA	NA	NA	318	438	0.274
2014-07-24	1	16:58:02	5	E	Benthic	Phorm	1.Phorm.Benthic	Phorm.E.5	F	17	560	327	429	101	0.238	10.1	313	0.84	0.879	0.033	0.841	0.021	318	438	0.274
2014-07-24	1	16:58:21	5	E	Benthic	Phorm	1.Phorm.Benthic	Phorm.E.5	F	17	561	339	433	205	0.217	18.7	315	0.84	0.797	0.017	0.741	0.012	318	438	0.274
2014-07-24	1	16:58:41	5	E	Benthic	Phorm	1.Phorm.Benthic	Phorm.E.5	F	17	562	339	420	331	0.193	26.8	308	0.84	0.723	0.067	0.657	0.043	318	438	0.274
2014-07-24	1	16:59:00	5	E	Benthic	Phorm	1.Phorm.Benthic	Phorm.E.5	F	17	563	343	410	476	0.163	32.6	303	0.84	0.626	0.108	0.553	0.068	318	438	0.274
2014-07-24	1	16:59:20	5	E	Benthic	Phorm	1.Phorm.Benthic	Phorm.E.5	F	17	564	326	379	638	0.14	37.5	286	0.84	0.57	0.225	0.5	0.156	318	438	0.274
2014-07-24	1	16:59:40	5	E	Benthic	Phorm	1.Phorm.Benthic	Phorm.E.5	F	17	565	323	363	926	0.11	42.8	277	0.84	0.465	0.283	0.399	0.207	318	438	0.274
2014-07-24	1	16:59:59	5	E	Benthic	Phorm	1.Phorm.Benthic	Phorm.E.5	F	17	566	320	347	1227	0.078	40.2	267	0.84	0.338	0.333	0.282	0.262	318	438	0.274
2014-07-24	1	17:02:46	5	G	Benthic	Riv	1.Riv.Benthic	Riv.G.5	FO	25	569	359	514	1	0.302	0.1	NA	0.84	NA	NA	NA	NA	359	514	0.302
2014-07-24	1	17:03:07	5	G	Benthic	Riv	1.Riv.Benthic	Riv.G.5	FO	17	570	352	507	1	0.306	0.1	NA	0.84	NA	NA	NA	NA	352	507	0.306
2014-07-24	1	17:03:27	5	G	Benthic	Riv	1.Riv.Benthic	Riv.G.5	F	17	571	380	518	101	0.266	11.3	357	0.84	0.857	-0.039	0.805	-0.021	352	507	0.306
2014-07-24	1	17:03:47	5	G	Benthic	Riv	1.Riv.Benthic	Riv.G.5	F	17	572	374	501	205	0.253	21.8	349	0.84	0.836	0.019	0.78	0.012	352	507	0.306
2014-07-24	1	17:04:06	5	G	Benthic	Riv	1.Riv.Benthic	Riv.G.5	F	17	573	377	490	331	0.231	32.1	344	0.84	0.774	0.058	0.706	0.035	352	507	0.306
2014-07-24	1	17:04:26	5	G	Benthic	Riv	1.Riv.Benthic	Riv.G.5	F	17	574	366	462	476	0.208	41.6	330	0.84	0.727	0.148	0.655	0.097	352	507	0.306
2014-07-24	1	17:04:45	5	G	Benthic	Riv	1.Riv.Benthic	Riv.G.5	F	17	575	362	445	638	0.187	50.1	321	0.84	0.669	0.2	0.593	0.139	352	507	0.306
2014-07-24	1	17:05:05	5	G	Benthic	Riv	1.Riv.Benthic	Riv.G.5	F	17	576	353	417	926	0.153	59.5	306	0.84	0.577	0.284	0.5	0.216	352	507	0.306
2014-07-24	1	17:05:25	5	G	Benthic	Riv	1.Riv.Benthic	Riv.G.5	F	17	577	339	394	1227	0.14	72.1	294	0.84	0.55	0.355	0.477	0.287	352	507	0.306
2014-07-24	1	17:08:32	6	A	Floating	Blank	1.Blank.Floating	Blank.A.6	FO	25	579	36	78	1	0.538	0.2	NA	0.84	NA	NA	NA	NA	36	78	0.538
2014-07-24	1	17:09:23	6	B	Floating	Riv	1.Riv.Floating	Riv.B.6	FO	25	580	374	481	1	0.222	0.1	NA	0.84	NA	NA	NA	NA	374	481	0.222
2014-07-24	1	17:09:41	6	B	Floating	Riv	1.Riv.Floating	Riv.B.6	FO	17	581	371	465	1	0.202	0.1	NA	0.84	NA	NA	NA	NA	371	465	0.202
2014-07-24	1	17:10:01	6	B	Floating	Riv	1.Riv.Floating	Riv.B.6	F	17	582	369	462	101	0.201	8.5	369	0.84	1	0.011	1	0.006	371	465	0.202
2014-07-24	1	17:10:21	6	B	Floating	Riv	1.Riv.Floating	Riv.B.6	F	17	583	353	445	205	0.207	17.8	358	0.84	1.057	0.074	1.072	0.045	371	465	0.202
2014-07-24	1	17:10:40	6	B	Floating	Riv	1.Riv.Floating	Riv.B.6	F	17	584	342	421	331	0.188	26.1	342	0.84	1	0.16	1	0.105	371	465	0.202
2014-07-24	1	17:11:00	6	B	Floating	Riv	1.Riv.Floating	Riv.B.6	F	17	585	330	400	476	0.175	35	328	0.84	0.972	0.234	0.966	0.163	371	465	0.202
2014-07-24	1	17:11:19	6	B	Floating	Riv	1.Riv.Floating	Riv.B.6	F	17	586	329	392	638	0.161	43.1	323	0.84	0.913	0.266	0.896	0.186	371	465	0.202
2014-07-24	1	17:11:39	6	B	Floating	Riv	1.Riv.Floating	Riv.B.6	F	17	587	323	373	926	0.134	52.1	310	0.84	0.794	0.33	0.762	0.247	371	465	0.202
2014-07-24	1	17:11:59	6	B	Floating	Riv	1.Riv.Floating	Riv.B.6	F	17	588	317	355	1227	0.107	55.1	297	0.84	0.655	0.383	0.614	0.31	371	465	0.202
2014-07-24	1	17:13:10	6	C	Floating	Clad_R	1.Clad_R.Floating	Clad_R.C.6	FO	25	590	638	1155	1	0.448	0.2	NA	0.84	NA	NA	NA	NA	638	1155	0.448
2014-07-24	1	17:13:45	6	C	Floating	Clad_R	1.Clad_R.Floating	Clad_R.C.6	FO	17	591	657	1093	1	0.399	0.2	NA	0.84	NA	NA	NA	NA	657	1093	0.399
2014-07-24	1	17:14:05	6	C	Floating	Clad_R	1.Clad_R.Floating	Clad_R.C.6	F	17	592	575	780	101	0.263	11.2	529	0.84	0.817	0.424	0.752	0.401	657	1093	0.399
2014-07-24	1	17:14:24	6	C	Floating	Clad_R	1.Clad_R.Floating	Clad_R.C.6	F	17	593	515	655	205	0.214	18.4	469	0.84	0.753	0.573	0.686	0.669	657	1093	0.399
2014-07-24	1	17:14:44	6	C	Floating	Clad_R	1.Clad_R.Floating	Clad_R.C.6	F	17	594	471	565	331	0.166	23.1	421	0.84	0.653	0.67	0.584	0.935	657	1093	0.399
2014-07-24	1	17:15:03	6	C	Floating	Clad_R	1.Clad_R.Floating	Clad_R.C.6	F	17	595	443	515	476	0.14	28	392	0.84	0.585	0.718	0.518	1.122	657	1093	0.399
2014-07-24	1	17:15:23	6	C	Floating	Clad_R	1.Clad_R.Floating	Clad_R.C.6	F	17	596	425	482	638	0.118	31.6	373	0.84	0.523	0.75	0.459	1.268	657	1093	0.399
2014-07-24	1	17:15:42	6	C	Floating	Clad_R	1.Clad_R.Floating	Clad_R.C.6	F	17	597	405	446	926	0.092	35.8	351	0.84	0.432	0.782	0.374	1.451	657	1093	0.399
2014-07-24	1	17:16:02	6	C	Floating	Clad_R	1.Clad_R.Floating	Clad_R.C.6	F	17	598	384	415	1227	0.075	38.7	331	0.84	0.369	0.807	0.318	1.634	657	1093	0.399
2014-07-24	1	17:18:15	6	D	Floating	Nostoc	1.Nostoc.Floating	Nostoc.D.6	FO	25	600	358	437	1	0.181	0.1	NA	0.84	NA	NA	NA	NA	358	437	0.181
2014-07-24	1	17:18:29	6	D	Floating	Nostoc	1.Nostoc.Floating	Nostoc.D.6	FO	17	601	343	401	1	0.145	0.1	NA	0.84	NA	NA	NA	NA	343	401	0.145
2014-07-24	1	17:18:48	6	D	Floating	Nostoc	1.Nostoc.Floating	Nostoc.D.6	F	17	602	326	396	101	0.177	7.5	339	0.84	1.228	0.017	1.277	0.013	343	401	0.145
2014-07-24	1	17:19:07	6	D	Floating	Nostoc	1.Nostoc.Floating	Nostoc.D.6	F	17	603	300	361	205	0.169	14.6	313	0.84	1.271	0.172	1.326	0.111	343	401	0.145
2014-07-24	1	17:19:27	6	D	Floating	Nostoc	1.Nostoc.Floating	Nostoc.D.6	F	17	604	279	326	331	0.144	20	287	0.84	1.205	0.328	1.24	0.23	343	401	0.145
2014-07-24	1	17:19:47	6	D	Floating	Nostoc	1.Nostoc.Floating	Nostoc.D.6	F	17	605	263	301	476	0.126	25.2	267	0.84	1.118	0.414	1.135	0.332	343	401	0.145
2014-07-24	1	17:20:06	6	D	Floating	Nostoc	1.Nostoc.Floating	Nostoc.D.6	F	17	606	250	282	638	0.113	30.3	252	0.84	1.067	0.483	1.076	0.422	343	401	0.145
2014-07-24	1	17:20:26	6	D	Floating	Nostoc	1.Nostoc.Floating	Nostoc.D.6	F	17	607	237	259	926	0.085	33.1	233	0.84	0.846	0.552	0.832	0.548	343	401	0.145
2014-07-24	1	17:20:45	6	D	Floating	Nostoc	1.Nostoc.Floating	Nostoc.D.6	F	17	608	225	242	1227	0.07	36.1	220	0.84	0.773	0.621	0.756	0.657	343	401	0.145
2014-07-24	1	17:23:32	6	E	Floating	Cyano_Spires	1.Cyano_Spires.Floating	Cyano_Spires.E.6	FO	25	610	843	1136	1	0.258	0.1	NA	0.84	NA	NA	NA	NA	843	1136	0.258
2014-07-24	1	17:23:46	6	E	Floating	Cyano_Spires	1.Cyano_Spires.Floating	Cyano_Spires.E.6	FO	17	611	870	1107	1	0.214	0.1	NA	0.84	NA	NA	NA	NA	870	1107	0.214
2014-07-24	1	17:24:05	6	E	Floating	Cyano_Spires	1.Cyano_Spires.Floating	Cyano_Spires.E.6	F	17	612	826	957	101	0.137	5.8	775	0.84	0.72	0.232	0.676	0.157	870	1107	0.214
2014-07-24	1	17:24:25	6	E	Floating	Cyano_Spires	1.Cyano_Spires.Floating	Cyano_Spires.E.6	F	17	613	788	895	205	0.12	10.3	733	0.84	0.66	0.316	0.614	0.237	870	1107	0.214
2014-07-24	1	17:24:45	6	E	Floating	Cyano_Spires	1.Cyano_Spires.Floating	Cyano_Spires.E.6	F	17	614	718	798	331	0.1	13.9	667	0.84	0.611	0.447	0.568	0.387	870	1107	0.214
2014-07-24	1	17:25:04	6	E	Floating	Cyano_Spires	1.Cyano_Spires.Floating	Cyano_Spires.E.6	F	17	615	687	752	476	0.086	17.2	635	0.84	0.556	0.506	0.514	0.472	870	1107	0.214
2014-07-24	1	17:25:24	6	E	Floating	Cyano_Spires	1.Cyano_Spires.Floating	Cyano_Spires.E.6	F	17	616	661	710	638	0.069	18.5	604	0.84	0.462	0.553	0.422	0.559	870	1107	0.214
2014-07-24	1	17:25:43	6	E	Floating	Cyano_Spires	1.Cyano_Spires.Floating	Cyano_Spires.E.6	F	17	617	635	670	926	0.052	20.2	575	0.84	0.368	0.599	0.333	0.652	870	1107	0.214
2014-07-24	1	17:26:03	6	E	Floating	Cyano_Spires	1.Cyano_Spires.Floating	Cyano_Spires.E.6	F	17	618	601	626	1227	0.04	20.6	542	0.84	0.298	0.646	0.269	0.768	870	1107	0.214
2014-07-24	1	17:28:24	6	F	Floating	Phorm	1.Phorm.Floating	Phorm.F.6	FO	25	620	341	477	1	0.285	0.1	NA	0.84	NA	NA	NA	NA	341	477	0.285
2014-07-24	1	17:28:38	6	F	Floating	Phorm	1.Phorm.Floating	Phorm.F.6	FO	17	621	332	449	1	0.261	0.1	NA	0.84	NA	NA	NA	NA	332	449	0.261
2014-07-24	1	17:28:57	6	F	Floating	Phorm	1.Phorm.Floating	Phorm.F.6	F	17	622	339	412	101	0.177	7.5	311	0.84	0.723	0.137	0.663	0.09	332	449	0.261
2014-07-24	1	17:29:17	6	F	Floating	Phorm	1.Phorm.Floating	Phorm.F.6	F	17	623	321	376	205	0.146	12.6	290	0.84	0.64	0.265	0.578	0.194	332	449	0.261
2014-07-24	1	17:29:36	6	F	Floating	Phorm	1.Phorm.Floating	Phorm.F.6	F	17	624	307	350	331	0.123	17.1	275	0.84	0.573	0.359	0.513	0.283	332	449	0.261
2014-07-24	1	17:29:56	6	F	Floating	Phorm	1.Phorm.Floating	Phorm.F.6	F	17	625	301	334	476	0.099	19.8	265	0.84	0.478	0.41	0.421	0.344	332	449	0.261
2014-07-24	1	17:30:16	6	F	Floating	Phorm	1.Phorm.Floating	Phorm.F.6	F	17	626	302	329	638	0.082	22	261	0.84	0.397	0.419	0.343	0.365	332	449	0.261
2014-07-24	1	17:30:35	6	F	Floating	Phorm	1.Phorm.Floating	Phorm.F.6	F	17	627	298	317	926	0.06	23.3	254	0.84	0.302	0.462	0.257	0.416	332	449	0.261
2014-07-24	1	17:30:55	6	F	Floating	Phorm	1.Phorm.Floating	Phorm.F.6	F	17	628	288	302	1227	0.046	23.7	244	0.84	0.241	0.504	0.204	0.487	332	449	0.261
2014-07-24	1	17:32:50	6	G	Floating	Clad_Y	1.Clad_Y.Floating	Clad_Y.G.6	FO	25	630	712	1241	1	0.426	0.2	NA	0.84	NA	NA	NA	NA	712	1241	0.426
2014-07-24	1	17:33:15	6	G	Floating	Clad_Y	1.Clad_Y.Floating	Clad_Y.G.6	FO	17	631	707	1168	1	0.395	0.2	NA	0.84	NA	NA	NA	NA	707	1168	0.395
2014-07-24	1	17:33:34	6	G	Floating	Clad_Y	1.Clad_Y.Floating	Clad_Y.G.6	F	17	632	642	819	101	0.216	9.2	562	0.84	0.689	0.443	0.603	0.426	707	1168	0.395
2014-07-24	1	17:33:54	6	G	Floating	Clad_Y	1.Clad_Y.Floating	Clad_Y.G.6	F	17	633	578	692	205	0.165	14.2	499	0.84	0.591	0.581	0.51	0.688	707	1168	0.395
2014-07-24	1	17:34:14	6	G	Floating	Clad_Y	1.Clad_Y.Floating	Clad_Y.G.6	F	17	634	530	612	331	0.134	18.6	456	0.84	0.526	0.662	0.453	0.908	707	1168	0.395
2014-07-24	1	17:34:33	6	G	Floating	Clad_Y	1.Clad_Y.Floating	Clad_Y.G.6	F	17	635	499	563	476	0.114	22.8	428	0.84	0.474	0.707	0.407	1.075	707	1168	0.395
2014-07-24	1	17:34:53	6	G	Floating	Clad_Y	1.Clad_Y.Floating	Clad_Y.G.6	F	17	636	477	530	638	0.1	26.8	409	0.84	0.438	0.738	0.376	1.204	707	1168	0.395
2014-07-24	1	17:35:12	6	G	Floating	Clad_Y	1.Clad_Y.Floating	Clad_Y.G.6	F	17	637	461	496	926	0.071	27.6	388	0.84	0.324	0.766	0.273	1.355	707	1168	0.395
2014-07-24	1	17:35:32	6	G	Floating	Clad_Y	1.Clad_Y.Floating	Clad_Y.G.6	F	17	638	438	465	1227	0.058	29.9	369	0.84	0.281	0.792	0.237	1.512	707	1168	0.395
2014-07-24	1	17:40:05	1	A	Benthic	Nostoc	1.Nostoc.Benthic	Nostoc.A.1	FO	25	641	505	615	1	0.179	0.1	NA	0.84	NA	NA	NA	NA	505	615	0.179
2014-07-24	1	17:40:37	1	A	Benthic	Nostoc	1.Nostoc.Benthic	Nostoc.A.1	FO	17	642	473	590	1	0.198	0.1	NA	0.84	NA	NA	NA	NA	473	590	0.198
2014-07-24	1	17:40:55	1	A	Benthic	Nostoc	1.Nostoc.Benthic	Nostoc.A.1	F	17	643	475	575	101	0.174	7.4	463	0.84	0.893	0.043	0.87	0.026	473	590	0.198
2014-07-24	1	17:41:15	1	A	Benthic	Nostoc	1.Nostoc.Benthic	Nostoc.A.1	F	17	644	456	540	205	0.156	13.4	440	0.84	0.84	0.145	0.811	0.093	473	590	0.198
2014-07-24	1	17:41:34	1	A	Benthic	Nostoc	1.Nostoc.Benthic	Nostoc.A.1	F	17	645	434	501	331	0.134	18.6	414	0.84	0.77	0.256	0.735	0.178	473	590	0.198
2014-07-24	1	17:41:54	1	A	Benthic	Nostoc	1.Nostoc.Benthic	Nostoc.A.1	F	17	646	411	460	476	0.107	21.4	386	0.84	0.662	0.368	0.622	0.283	473	590	0.198
2014-07-24	1	17:42:14	1	A	Benthic	Nostoc	1.Nostoc.Benthic	Nostoc.A.1	F	17	647	387	428	638	0.096	25.7	363	0.84	0.631	0.444	0.592	0.379	473	590	0.198
2014-07-24	1	17:42:33	1	A	Benthic	Nostoc	1.Nostoc.Benthic	Nostoc.A.1	F	17	648	367	395	926	0.071	27.6	339	0.84	0.5	0.521	0.462	0.494	473	590	0.198
2014-07-24	1	17:42:53	1	A	Benthic	Nostoc	1.Nostoc.Benthic	Nostoc.A.1	F	17	649	349	370	1227	0.057	29.4	320	0.84	0.42	0.573	0.385	0.595	473	590	0.198
2014-07-24	1	17:44:37	1	B	Benthic	Clad_R	1.Clad_R.Benthic	Clad_R.B.1	FO	25	651	695	1519	1	0.542	0.2	NA	0.84	NA	NA	NA	NA	695	1519	0.542
2014-07-24	1	17:44:57	1	B	Benthic	Clad_R	1.Clad_R.Benthic	Clad_R.B.1	FO	17	652	702	1380	1	0.491	0.2	NA	0.84	NA	NA	NA	NA	702	1380	0.491
2014-07-24	1	17:45:16	1	B	Benthic	Clad_R	1.Clad_R.Benthic	Clad_R.B.1	F	17	653	634	970	101	0.346	14.7	578	0.84	0.857	0.422	0.781	0.423	702	1380	0.491
2014-07-24	1	17:45:35	1	B	Benthic	Clad_R	1.Clad_R.Benthic	Clad_R.B.1	F	17	654	597	852	205	0.299	25.7	534	0.84	0.802	0.531	0.717	0.62	702	1380	0.491
2014-07-24	1	17:45:55	1	B	Benthic	Clad_R	1.Clad_R.Benthic	Clad_R.B.1	F	17	655	543	720	331	0.246	34.2	479	0.84	0.734	0.645	0.647	0.917	702	1380	0.491
2014-07-24	1	17:46:14	1	B	Benthic	Clad_R	1.Clad_R.Benthic	Clad_R.B.1	F	17	656	505	649	476	0.222	44.4	446	0.84	0.709	0.701	0.626	1.126	702	1380	0.491
2014-07-24	1	17:46:34	1	B	Benthic	Clad_R	1.Clad_R.Benthic	Clad_R.B.1	F	17	657	475	589	638	0.194	52	417	0.84	0.663	0.746	0.582	1.343	702	1380	0.491
2014-07-24	1	17:46:54	1	B	Benthic	Clad_R	1.Clad_R.Benthic	Clad_R.B.1	F	17	658	463	545	926	0.15	58.3	395	0.84	0.547	0.779	0.467	1.532	702	1380	0.491
2014-07-24	1	17:47:13	1	B	Benthic	Clad_R	1.Clad_R.Benthic	Clad_R.B.1	F	17	659	432	487	1227	0.113	58.2	363	0.84	0.444	0.817	0.373	1.834	702	1380	0.491
2014-07-24	1	17:48:52	1	C	Benthic	Phorm	1.Phorm.Benthic	Phorm.C.1	FO	25	661	554	906	1	0.389	0.2	NA	0.84	NA	NA	NA	NA	554	906	0.389
2014-07-24	1	17:49:08	1	C	Benthic	Phorm	1.Phorm.Benthic	Phorm.C.1	FO	17	662	565	866	1	0.348	0.1	NA	0.84	NA	NA	NA	NA	565	866	0.348
2014-07-24	1	17:49:27	1	C	Benthic	Phorm	1.Phorm.Benthic	Phorm.C.1	F	17	663	522	710	101	0.265	11.2	494	0.84	0.87	0.282	0.823	0.22	565	866	0.348
2014-07-24	1	17:49:46	1	C	Benthic	Phorm	1.Phorm.Benthic	Phorm.C.1	F	17	664	511	677	205	0.245	21.1	478	0.84	0.834	0.339	0.78	0.279	565	866	0.348
2014-07-24	1	17:50:06	1	C	Benthic	Phorm	1.Phorm.Benthic	Phorm.C.1	F	17	665	493	623	331	0.209	29.1	450	0.84	0.751	0.425	0.685	0.39	565	866	0.348
2014-07-24	1	17:50:25	1	C	Benthic	Phorm	1.Phorm.Benthic	Phorm.C.1	F	17	666	502	609	476	0.176	35.2	443	0.84	0.645	0.449	0.569	0.422	565	866	0.348
2014-07-24	1	17:50:45	1	C	Benthic	Phorm	1.Phorm.Benthic	Phorm.C.1	F	17	667	487	573	638	0.15	40.2	424	0.84	0.577	0.505	0.502	0.511	565	866	0.348
2014-07-24	1	17:51:05	1	C	Benthic	Phorm	1.Phorm.Benthic	Phorm.C.1	F	17	668	484	546	926	0.114	44.3	409	0.84	0.453	0.545	0.383	0.586	565	866	0.348
2014-07-24	1	17:51:24	1	C	Benthic	Phorm	1.Phorm.Benthic	Phorm.C.1	F	17	669	468	514	1227	0.089	45.9	391	0.84	0.374	0.591	0.312	0.685	565	866	0.348
2014-07-24	1	17:52:42	1	D	Benthic	Blank	1.Blank.Benthic	Blank.D.1	FO	25	671	11	23	1	NA	NA	NA	0.84	NA	NA	NA	NA	11	23	0.522
2014-07-24	1	17:53:25	1	E	Benthic	Clad_Y	1.Clad_Y.Benthic	Clad_Y.E.1	FO	25	672	714	1479	1	0.517	0.2	NA	0.84	NA	NA	NA	NA	714	1479	0.517
2014-07-24	1	17:53:47	1	E	Benthic	Clad_Y	1.Clad_Y.Benthic	Clad_Y.E.1	FO	17	673	723	1403	1	0.485	0.2	NA	0.84	NA	NA	NA	NA	723	1403	0.485
2014-07-24	1	17:54:06	1	E	Benthic	Clad_Y	1.Clad_Y.Benthic	Clad_Y.E.1	F	17	674	667	890	101	0.251	10.6	557	0.84	0.67	0.51	0.56	0.576	723	1403	0.485
2014-07-24	1	17:54:26	1	E	Benthic	Clad_Y	1.Clad_Y.Benthic	Clad_Y.E.1	F	17	675	565	703	205	0.196	16.9	478	0.84	0.613	0.669	0.519	0.996	723	1403	0.485
2014-07-24	1	17:54:45	1	E	Benthic	Clad_Y	1.Clad_Y.Benthic	Clad_Y.E.1	F	17	676	506	592	331	0.145	20.2	424	0.84	0.512	0.753	0.429	1.37	723	1403	0.485
2014-07-24	1	17:55:05	1	E	Benthic	Clad_Y	1.Clad_Y.Benthic	Clad_Y.E.1	F	17	677	469	537	476	0.127	25.4	395	0.84	0.479	0.791	0.403	1.613	723	1403	0.485
2014-07-24	1	17:55:24	1	E	Benthic	Clad_Y	1.Clad_Y.Benthic	Clad_Y.E.1	F	17	678	446	495	638	0.099	26.5	372	0.84	0.398	0.819	0.332	1.834	723	1403	0.485
2014-07-24	1	17:55:44	1	E	Benthic	Clad_Y	1.Clad_Y.Benthic	Clad_Y.E.1	F	17	679	430	465	926	0.075	29.2	354	0.84	0.315	0.837	0.259	2.017	723	1403	0.485
2014-07-24	1	17:56:04	1	E	Benthic	Clad_Y	1.Clad_Y.Benthic	Clad_Y.E.1	F	17	680	418	446	1227	0.063	32.5	343	0.84	0.272	0.849	0.223	2.146	723	1403	0.485
2014-07-24	1	17:57:58	1	F	Benthic	Riv	1.Riv.Benthic	Riv.F.1	FO	25	682	346	521	1	0.336	0.1	NA	0.84	NA	NA	NA	NA	346	521	0.336
2014-07-24	1	17:58:10	1	F	Benthic	Riv	1.Riv.Benthic	Riv.F.1	FO	17	683	344	493	1	0.302	0.1	NA	0.84	NA	NA	NA	NA	344	493	0.302
2014-07-24	1	17:58:30	1	F	Benthic	Riv	1.Riv.Benthic	Riv.F.1	F	17	684	357	492	101	0.274	11.6	344	0.84	0.912	0.007	0.879	0.002	344	493	0.302
2014-07-24	1	17:58:49	1	F	Benthic	Riv	1.Riv.Benthic	Riv.F.1	F	17	685	348	466	205	0.253	21.8	331	0.84	0.874	0.094	0.831	0.058	344	493	0.302
2014-07-24	1	17:59:09	1	F	Benthic	Riv	1.Riv.Benthic	Riv.F.1	F	17	686	344	446	331	0.229	31.8	320	0.84	0.81	0.154	0.753	0.105	344	493	0.302
2014-07-24	1	17:59:29	1	F	Benthic	Riv	1.Riv.Benthic	Riv.F.1	F	17	687	343	430	476	0.202	40.4	312	0.84	0.737	0.208	0.67	0.147	344	493	0.302
2014-07-24	1	17:59:48	1	F	Benthic	Riv	1.Riv.Benthic	Riv.F.1	F	17	688	336	410	638	0.18	48.2	301	0.84	0.679	0.268	0.608	0.202	344	493	0.302
2014-07-24	1	18:00:08	1	F	Benthic	Riv	1.Riv.Benthic	Riv.F.1	F	17	689	333	390	926	0.146	56.8	290	0.84	0.57	0.329	0.496	0.264	344	493	0.302
2014-07-24	1	18:00:27	1	F	Benthic	Riv	1.Riv.Benthic	Riv.F.1	F	17	690	322	366	1227	0.12	61.8	277	0.84	0.494	0.403	0.425	0.347	344	493	0.302
2014-07-24	1	18:02:00	1	G	Benthic	Cyano_Spires	1.Cyano_Spires.Benthic	Cyano_Spires.G.1	FO	25	692	839	1408	1	0.404	0.2	NA	0.84	NA	NA	NA	NA	839	1408	0.404
2014-07-24	1	18:02:15	1	G	Benthic	Cyano_Spires	1.Cyano_Spires.Benthic	Cyano_Spires.G.1	FO	17	693	853	1360	1	0.373	0.2	NA	0.84	NA	NA	NA	NA	853	1360	0.373
2014-07-24	1	18:02:35	1	G	Benthic	Cyano_Spires	1.Cyano_Spires.Benthic	Cyano_Spires.G.1	F	17	694	845	1096	101	0.229	9.7	741	0.84	0.707	0.3	0.62	0.241	853	1360	0.373
2014-07-24	1	18:02:54	1	G	Benthic	Cyano_Spires	1.Cyano_Spires.Benthic	Cyano_Spires.G.1	F	17	695	772	946	205	0.184	15.8	669	0.84	0.628	0.454	0.544	0.438	853	1360	0.373
2014-07-24	1	18:03:14	1	G	Benthic	Cyano_Spires	1.Cyano_Spires.Benthic	Cyano_Spires.G.1	F	17	696	722	844	331	0.145	20.2	617	0.84	0.537	0.552	0.459	0.611	853	1360	0.373
2014-07-24	1	18:03:33	1	G	Benthic	Cyano_Spires	1.Cyano_Spires.Benthic	Cyano_Spires.G.1	F	17	697	689	782	476	0.119	23.8	583	0.84	0.467	0.607	0.395	0.739	853	1360	0.373
2014-07-24	1	18:03:53	1	G	Benthic	Cyano_Spires	1.Cyano_Spires.Benthic	Cyano_Spires.G.1	F	17	698	661	732	638	0.097	26	555	0.84	0.401	0.651	0.337	0.858	853	1360	0.373
2014-07-24	1	18:04:13	1	G	Benthic	Cyano_Spires	1.Cyano_Spires.Benthic	Cyano_Spires.G.1	F	17	699	642	687	926	0.066	25.7	528	0.84	0.283	0.686	0.233	0.98	853	1360	0.373
2014-07-24	1	18:04:32	1	G	Benthic	Cyano_Spires	1.Cyano_Spires.Benthic	Cyano_Spires.G.1	F	17	700	608	641	1227	0.051	26.3	501	0.84	0.236	0.724	0.194	1.122	853	1360	0.373
2014-07-24	1	18:11:20	2	A	Floating	Clad_Y	1.Clad_Y.Floating	Clad_Y.A.2	FO	25	702	357	608	1	0.413	0.2	NA	0.84	NA	NA	NA	NA	357	608	0.413
2014-07-24	1	18:11:36	2	A	Floating	Clad_Y	1.Clad_Y.Floating	Clad_Y.A.2	FO	17	703	348	560	1	0.379	0.2	NA	0.84	NA	NA	NA	NA	348	560	0.379
2014-07-24	1	18:11:56	2	A	Floating	Clad_Y	1.Clad_Y.Floating	Clad_Y.A.2	F	17	704	299	369	101	0.19	8.1	263	0.84	0.66	0.5	0.581	0.518	348	560	0.379
2014-07-24	1	18:12:16	2	A	Floating	Clad_Y	1.Clad_Y.Floating	Clad_Y.A.2	F	17	705	267	308	205	0.133	11.5	231	0.84	0.532	0.637	0.46	0.818	348	560	0.379
2014-07-24	1	18:12:35	2	A	Floating	Clad_Y	1.Clad_Y.Floating	Clad_Y.A.2	F	17	706	250	279	331	0.104	14.5	214	0.84	0.446	0.693	0.382	1.007	348	560	0.379
2014-07-24	1	18:12:55	2	A	Floating	Clad_Y	1.Clad_Y.Floating	Clad_Y.A.2	F	17	707	236	258	476	0.085	17	201	0.84	0.386	0.731	0.329	1.171	348	560	0.379
2014-07-24	1	18:13:14	2	A	Floating	Clad_Y	1.Clad_Y.Floating	Clad_Y.A.2	F	17	708	222	241	638	0.079	21.2	191	0.84	0.38	0.764	0.327	1.324	348	560	0.379
2014-07-24	1	18:13:34	2	A	Floating	Clad_Y	1.Clad_Y.Floating	Clad_Y.A.2	F	17	709	216	227	926	0.048	18.7	182	0.84	0.244	0.788	0.206	1.467	348	560	0.379
2014-07-24	1	18:13:54	2	A	Floating	Clad_Y	1.Clad_Y.Floating	Clad_Y.A.2	F	17	710	218	227	1227	0.04	20.6	182	0.84	0.2	0.788	0.167	1.467	348	560	0.379
2014-07-24	1	18:15:59	2	B	Floating	Phorm	1.Phorm.Floating	Phorm.B.2	FO	25	712	223	468	1	0.524	0.2	NA	0.84	NA	NA	NA	NA	223	468	0.524
2014-07-24	1	18:16:27	2	B	Floating	Phorm	1.Phorm.Floating	Phorm.B.2	FO	17	713	255	461	1	0.447	0.2	NA	0.84	NA	NA	NA	NA	255	461	0.447
2014-07-24	1	18:16:47	2	B	Floating	Phorm	1.Phorm.Floating	Phorm.B.2	F	17	714	245	317	101	0.227	9.6	204	0.84	0.637	0.451	0.53	0.454	255	461	0.447
2014-07-24	1	18:17:07	2	B	Floating	Phorm	1.Phorm.Floating	Phorm.B.2	F	17	715	223	271	205	0.177	15.2	184	0.84	0.552	0.578	0.455	0.701	255	461	0.447
2014-07-24	1	18:17:26	2	B	Floating	Phorm	1.Phorm.Floating	Phorm.B.2	F	17	716	210	242	331	0.132	18.4	170	0.84	0.444	0.65	0.359	0.905	255	461	0.447
2014-07-24	1	18:17:46	2	B	Floating	Phorm	1.Phorm.Floating	Phorm.B.2	F	17	717	202	226	476	0.106	21.2	162	0.84	0.375	0.689	0.301	1.04	255	461	0.447
2014-07-24	1	18:18:05	2	B	Floating	Phorm	1.Phorm.Floating	Phorm.B.2	F	17	718	195	213	638	0.085	22.8	155	0.84	0.31	0.718	0.246	1.164	255	461	0.447
2014-07-24	1	18:18:25	2	B	Floating	Phorm	1.Phorm.Floating	Phorm.B.2	F	17	719	190	203	926	0.064	24.9	150	0.84	0.245	0.743	0.193	1.271	255	461	0.447
2014-07-24	1	18:18:45	2	B	Floating	Phorm	1.Phorm.Floating	Phorm.B.2	F	17	720	184	193	1227	0.047	24.2	144	0.84	0.184	0.762	0.144	1.389	255	461	0.447
2014-07-24	1	18:20:31	2	C	Floating	Riv	1.Riv.Floating	Riv.C.2	FO	25	722	338	475	1	0.288	0.1	NA	0.84	NA	NA	NA	NA	338	475	0.288
2014-07-24	1	18:20:43	2	C	Floating	Riv	1.Riv.Floating	Riv.C.2	FO	17	723	346	459	1	0.246	0.1	NA	0.84	NA	NA	NA	NA	346	459	0.246
2014-07-24	1	18:21:03	2	C	Floating	Riv	1.Riv.Floating	Riv.C.2	F	17	724	334	457	101	0.269	11.4	345	0.84	1.098	0.009	1.134	0.004	346	459	0.246
2014-07-24	1	18:21:23	2	C	Floating	Riv	1.Riv.Floating	Riv.C.2	F	17	725	333	459	205	0.275	23.7	346	0.84	1.115	0	1.159	0	346	459	0.246
2014-07-24	1	18:21:42	2	C	Floating	Riv	1.Riv.Floating	Riv.C.2	F	17	726	330	442	331	0.253	35.2	336	0.84	1.057	0.062	1.076	0.038	346	459	0.246
2014-07-24	1	18:22:02	2	C	Floating	Riv	1.Riv.Floating	Riv.C.2	F	17	727	322	419	476	0.232	46.4	323	0.84	1.01	0.15	1.013	0.095	346	459	0.246
2014-07-24	1	18:22:21	2	C	Floating	Riv	1.Riv.Floating	Riv.C.2	F	17	728	319	404	638	0.21	56.3	314	0.84	0.944	0.204	0.929	0.136	346	459	0.246
2014-07-24	1	18:22:41	2	C	Floating	Riv	1.Riv.Floating	Riv.C.2	F	17	729	319	386	926	0.174	67.7	303	0.84	0.807	0.265	0.767	0.189	346	459	0.246
2014-07-24	1	18:23:01	2	C	Floating	Riv	1.Riv.Floating	Riv.C.2	F	17	730	318	377	1227	0.156	80.4	297	0.84	0.738	0.292	0.689	0.218	346	459	0.246
2014-07-24	1	18:24:18	2	D	Floating	Blank	1.Blank.Floating	Blank.D.2	FO	25	732	55	80	1	0.313	0.1	NA	0.84	NA	NA	NA	NA	55	80	0.313
2014-07-24	1	18:24:45	2	E	Floating	Clad_R	1.Clad_R.Floating	Clad_R.E.2	FO	25	733	946	1949	1	0.515	0.2	NA	0.84	NA	NA	NA	NA	946	1949	0.515
2014-07-24	1	18:25:13	2	E	Floating	Clad_R	1.Clad_R.Floating	Clad_R.E.2	FO	17	734	978	1898	1	0.485	0.2	NA	0.84	NA	NA	NA	NA	978	1898	0.485
2014-07-24	1	18:25:33	2	E	Floating	Clad_R	1.Clad_R.Floating	Clad_R.E.2	F	17	735	928	1316	101	0.295	12.5	796	0.84	0.746	0.435	0.64	0.442	978	1898	0.485
2014-07-24	1	18:25:52	2	E	Floating	Clad_R	1.Clad_R.Floating	Clad_R.E.2	F	17	736	842	1128	205	0.254	21.9	724	0.84	0.708	0.561	0.609	0.683	978	1898	0.485
2014-07-24	1	18:26:12	2	E	Floating	Clad_R	1.Clad_R.Floating	Clad_R.E.2	F	17	737	759	939	331	0.192	26.7	641	0.84	0.604	0.676	0.51	1.021	978	1898	0.485
2014-07-24	1	18:26:31	2	E	Floating	Clad_R	1.Clad_R.Floating	Clad_R.E.2	F	17	738	685	825	476	0.17	34	586	0.84	0.586	0.74	0.501	1.301	978	1898	0.485
2014-07-24	1	18:26:51	2	E	Floating	Clad_R	1.Clad_R.Floating	Clad_R.E.2	F	17	739	642	748	638	0.142	38.1	546	0.84	0.525	0.78	0.446	1.537	978	1898	0.485
2014-07-24	1	18:27:11	2	E	Floating	Clad_R	1.Clad_R.Floating	Clad_R.E.2	F	17	740	615	686	926	0.103	40.1	512	0.84	0.408	0.811	0.34	1.767	978	1898	0.485
2014-07-24	1	18:27:30	2	E	Floating	Clad_R	1.Clad_R.Floating	Clad_R.E.2	F	17	741	568	619	1227	0.082	42.3	474	0.84	0.352	0.842	0.294	2.066	978	1898	0.485
2014-07-24	1	18:29:23	2	F	Floating	Cyano_Spires	1.Cyano_Spires.Floating	Cyano_Spires.F.2	FO	25	744	630	833	1	0.244	0.1	NA	0.84	NA	NA	NA	NA	630	833	0.244
2014-07-24	1	18:30:02	2	F	Floating	Cyano_Spires	1.Cyano_Spires.Floating	Cyano_Spires.F.2	FO	17	745	550	727	1	0.243	0.1	NA	0.84	NA	NA	NA	NA	550	727	0.243
2014-07-24	1	18:30:21	2	F	Floating	Cyano_Spires	1.Cyano_Spires.Floating	Cyano_Spires.F.2	F	17	746	569	669	101	0.149	6.3	516	0.84	0.654	0.136	0.593	0.087	550	727	0.243
2014-07-24	1	18:30:41	2	F	Floating	Cyano_Spires	1.Cyano_Spires.Floating	Cyano_Spires.F.2	F	17	747	525	603	205	0.129	11.1	476	0.84	0.614	0.282	0.557	0.206	550	727	0.243
2014-07-24	1	18:31:01	2	F	Floating	Cyano_Spires	1.Cyano_Spires.Floating	Cyano_Spires.F.2	F	17	748	557	620	331	0.102	14.2	486	0.84	0.47	0.243	0.41	0.173	550	727	0.243
2014-07-24	1	18:31:20	2	F	Floating	Cyano_Spires	1.Cyano_Spires.Floating	Cyano_Spires.F.2	F	17	749	531	582	476	0.088	17.6	463	0.84	0.429	0.328	0.374	0.249	550	727	0.243
2014-07-24	1	18:31:40	2	F	Floating	Cyano_Spires	1.Cyano_Spires.Floating	Cyano_Spires.F.2	F	17	750	505	531	638	0.049	13.1	430	0.84	0.257	0.429	0.219	0.369	550	727	0.243
2014-07-24	1	18:31:59	2	F	Floating	Cyano_Spires	1.Cyano_Spires.Floating	Cyano_Spires.F.2	F	17	751	523	550	926	0.049	19.1	442	0.84	0.25	0.39	0.211	0.322	550	727	0.243
2014-07-24	1	18:32:19	2	F	Floating	Cyano_Spires	1.Cyano_Spires.Floating	Cyano_Spires.F.2	F	17	752	496	516	1227	0.039	20.1	420	0.84	0.208	0.458	0.176	0.409	550	727	0.243
2014-07-24	1	18:34:11	2	G	Floating	Nostoc	1.Nostoc.Floating	Nostoc.G.2	FO	25	754	285	363	1	0.215	0.1	NA	0.84	NA	NA	NA	NA	285	363	0.215
2014-07-24	1	18:34:24	2	G	Floating	Nostoc	1.Nostoc.Floating	Nostoc.G.2	FO	17	755	280	340	1	0.176	0.1	NA	0.84	NA	NA	NA	NA	280	340	0.176
2014-07-24	1	18:34:44	2	G	Floating	Nostoc	1.Nostoc.Floating	Nostoc.G.2	F	17	756	254	318	101	0.201	8.5	265	0.84	1.208	0.117	1.26	0.069	280	340	0.176
2014-07-24	1	18:35:04	2	G	Floating	Nostoc	1.Nostoc.Floating	Nostoc.G.2	F	17	757	240	302	205	0.205	17.7	254	0.84	1.292	0.2	1.367	0.126	280	340	0.176
2014-07-24	1	18:35:23	2	G	Floating	Nostoc	1.Nostoc.Floating	Nostoc.G.2	F	17	758	222	272	331	0.184	25.6	232	0.84	1.25	0.333	1.306	0.25	280	340	0.176
2014-07-24	1	18:35:43	2	G	Floating	Nostoc	1.Nostoc.Floating	Nostoc.G.2	F	17	759	198	238	476	0.168	33.6	207	0.84	1.29	0.483	1.349	0.429	280	340	0.176
2014-07-24	1	18:36:02	2	G	Floating	Nostoc	1.Nostoc.Floating	Nostoc.G.2	F	17	760	181	212	638	0.146	39.1	187	0.84	1.24	0.583	1.281	0.604	280	340	0.176
2014-07-24	1	18:36:22	2	G	Floating	Nostoc	1.Nostoc.Floating	Nostoc.G.2	F	17	761	211	235	926	0.102	39.7	205	0.84	0.8	0.5	0.777	0.447	280	340	0.176
2014-07-24	1	18:36:42	2	G	Floating	Nostoc	1.Nostoc.Floating	Nostoc.G.2	F	17	762	215	233	1227	0.077	39.7	203	0.84	0.6	0.5	0.567	0.459	280	340	0.176
2014-07-24	1	18:45:18	4	A	Floating	Riv	1.Riv.Floating	Riv.A.4	FO	25	764	325	469	1	0.307	0.1	NA	0.84	NA	NA	NA	NA	325	469	0.307
2014-07-24	1	18:45:32	4	A	Floating	Riv	1.Riv.Floating	Riv.A.4	FO	17	765	327	456	1	0.283	0.1	NA	0.84	NA	NA	NA	NA	327	456	0.283
2014-07-24	1	18:45:52	4	A	Floating	Riv	1.Riv.Floating	Riv.A.4	F	17	766	344	466	101	0.262	11.1	332	0.84	0.91	-0.039	0.878	-0.021	327	456	0.283
2014-07-24	1	18:46:11	4	A	Floating	Riv	1.Riv.Floating	Riv.A.4	F	17	767	348	463	205	0.248	21.4	331	0.84	0.871	-0.023	0.828	-0.015	327	456	0.283
2014-07-24	1	18:46:31	4	A	Floating	Riv	1.Riv.Floating	Riv.A.4	F	17	768	343	445	331	0.229	31.8	321	0.84	0.823	0.039	0.77	0.025	327	456	0.283
2014-07-24	1	18:46:51	4	A	Floating	Riv	1.Riv.Floating	Riv.A.4	F	17	769	339	427	476	0.206	41.2	312	0.84	0.765	0.109	0.704	0.068	327	456	0.283
2014-07-24	1	18:47:10	4	A	Floating	Riv	1.Riv.Floating	Riv.A.4	F	17	770	335	411	638	0.185	49.6	303	0.84	0.704	0.163	0.637	0.109	327	456	0.283
2014-07-24	1	18:47:30	4	A	Floating	Riv	1.Riv.Floating	Riv.A.4	F	17	771	332	391	926	0.151	58.7	292	0.84	0.596	0.233	0.524	0.166	327	456	0.283
2014-07-24	1	18:47:49	4	A	Floating	Riv	1.Riv.Floating	Riv.A.4	F	17	772	327	377	1227	0.133	68.5	284	0.84	0.538	0.279	0.467	0.21	327	456	0.283
2014-07-24	1	19:07:59	4	B	Floating	Clad_Y	1.Clad_Y.Floating	Clad_Y.B.4	FO	25	784	433	795	1	0.455	0.2	NA	0.84	NA	NA	NA	NA	433	795	0.455
2014-07-24	1	19:08:29	4	B	Floating	Clad_Y	1.Clad_Y.Floating	Clad_Y.B.4	FO	17	785	432	749	1	0.423	0.2	NA	0.84	NA	NA	NA	NA	432	749	0.423
2014-07-24	1	19:08:49	4	B	Floating	Clad_Y	1.Clad_Y.Floating	Clad_Y.B.4	F	17	786	425	475	331	0.105	14.6	324	0.84	0.331	0.524	0.252	0.577	432	749	0.423
2014-07-24	1	19:09:08	4	B	Floating	Clad_Y	1.Clad_Y.Floating	Clad_Y.B.4	F	17	787	364	405	476	0.101	20.2	290	0.84	0.357	0.637	0.284	0.849	432	749	0.423
2014-07-24	1	19:09:28	4	B	Floating	Clad_Y	1.Clad_Y.Floating	Clad_Y.B.4	F	17	788	331	364	638	0.091	24.4	268	0.84	0.344	0.697	0.279	1.058	432	749	0.423
2014-07-24	1	19:09:47	4	B	Floating	Clad_Y	1.Clad_Y.Floating	Clad_Y.B.4	F	17	789	308	333	926	0.075	29.2	251	0.84	0.305	0.741	0.249	1.249	432	749	0.423
2014-07-24	1	19:10:07	4	B	Floating	Clad_Y	1.Clad_Y.Floating	Clad_Y.B.4	F	17	790	293	312	1227	0.061	31.4	239	0.84	0.26	0.77	0.212	1.401	432	749	0.423
2014-07-24	1	19:12:24	4	C	Floating	Blank	1.Blank.Floating	Blank.C.4	FO	25	794	60	116	1	0.483	0.2	NA	0.84	NA	NA	NA	NA	60	116	0.483
2014-07-24	1	19:13:18	4	D	Floating	Phorm	1.Phorm.Floating	Phorm.D.4	FO	25	795	281	474	1	0.407	0.2	NA	0.84	NA	NA	NA	NA	281	474	0.407
2014-07-24	1	19:13:56	4	D	Floating	Phorm	1.Phorm.Floating	Phorm.D.4	FO	17	796	278	463	1	0.4	0.2	NA	0.84	NA	NA	NA	NA	278	463	0.4
2014-07-24	1	19:14:16	4	D	Floating	Phorm	1.Phorm.Floating	Phorm.D.4	F	17	797	327	355	331	0.079	11	235	0.84	0.233	0.351	0.167	0.304	278	463	0.4
2014-07-24	1	19:14:35	4	D	Floating	Phorm	1.Phorm.Floating	Phorm.D.4	F	17	798	283	306	476	0.075	15	213	0.84	0.247	0.497	0.186	0.513	278	463	0.4
2014-07-24	1	19:14:55	4	D	Floating	Phorm	1.Phorm.Floating	Phorm.D.4	F	17	799	263	285	638	0.077	20.6	202	0.84	0.265	0.551	0.204	0.625	278	463	0.4
2014-07-24	1	19:15:15	4	D	Floating	Phorm	1.Phorm.Floating	Phorm.D.4	F	17	800	253	267	926	0.052	20.2	193	0.84	0.189	0.6	0.144	0.734	278	463	0.4
2014-07-24	1	19:15:34	4	D	Floating	Phorm	1.Phorm.Floating	Phorm.D.4	F	17	801	245	255	1227	0.039	20.1	187	0.84	0.147	0.632	0.112	0.816	278	463	0.4
2014-07-24	1	19:18:00	4	E	Floating	Nostoc	1.Nostoc.Floating	Nostoc.E.4	FO	25	806	249	322	1	0.227	0.1	NA	0.84	NA	NA	NA	NA	249	322	0.227
2014-07-24	1	19:18:28	4	E	Floating	Nostoc	1.Nostoc.Floating	Nostoc.E.4	FO	17	807	239	300	1	0.203	0.1	NA	0.84	NA	NA	NA	NA	239	300	0.203
2014-07-24	1	19:18:47	4	E	Floating	Nostoc	1.Nostoc.Floating	Nostoc.E.4	F	17	808	246	288	101	0.146	6.2	231	0.84	0.737	0.066	0.692	0.042	239	300	0.203
2014-07-24	1	19:19:07	4	E	Floating	Nostoc	1.Nostoc.Floating	Nostoc.E.4	F	17	809	222	253	205	0.123	10.6	208	0.84	0.689	0.262	0.646	0.186	239	300	0.203
2014-07-24	1	19:19:27	4	E	Floating	Nostoc	1.Nostoc.Floating	Nostoc.E.4	F	17	810	199	222	331	0.104	14.5	187	0.84	0.657	0.426	0.617	0.351	239	300	0.203
2014-07-24	1	19:19:46	4	E	Floating	Nostoc	1.Nostoc.Floating	Nostoc.E.4	F	17	811	182	202	476	0.099	19.8	172	0.84	0.667	0.508	0.63	0.485	239	300	0.203
2014-07-24	1	19:20:06	4	E	Floating	Nostoc	1.Nostoc.Floating	Nostoc.E.4	F	17	812	167	185	638	0.097	26	160	0.84	0.72	0.59	0.69	0.622	239	300	0.203
2014-07-24	1	19:20:25	4	E	Floating	Nostoc	1.Nostoc.Floating	Nostoc.E.4	F	17	813	156	168	926	0.071	27.6	147	0.84	0.571	0.656	0.538	0.786	239	300	0.203
2014-07-24	1	19:20:45	4	E	Floating	Nostoc	1.Nostoc.Floating	Nostoc.E.4	F	17	814	145	156	1227	0.071	36.6	138	0.84	0.611	0.705	0.582	0.923	239	300	0.203
2014-07-24	1	19:22:59	4	F	Floating	Cyano_Spires	1.Cyano_Spires.Floating	Cyano_Spires.F.4	FO	25	817	846	1229	1	0.312	0.1	NA	0.84	NA	NA	NA	NA	846	1229	0.312
2014-07-24	1	19:23:17	4	F	Floating	Cyano_Spires	1.Cyano_Spires.Floating	Cyano_Spires.F.4	FO	17	818	846	1174	1	0.279	0.1	NA	0.84	NA	NA	NA	NA	846	1174	0.279
2014-07-24	1	19:23:35	4	F	Floating	Cyano_Spires	1.Cyano_Spires.Floating	Cyano_Spires.F.4	F	17	819	811	974	101	0.167	7.1	737	0.84	0.688	0.277	0.625	0.205	846	1174	0.279
2014-07-24	1	19:23:55	4	F	Floating	Cyano_Spires	1.Cyano_Spires.Floating	Cyano_Spires.F.4	F	17	820	740	869	205	0.148	12.7	675	0.84	0.665	0.409	0.607	0.351	846	1174	0.279
2014-07-24	1	19:24:14	4	F	Floating	Cyano_Spires	1.Cyano_Spires.Floating	Cyano_Spires.F.4	F	17	821	684	780	331	0.123	17.1	620	0.84	0.6	0.512	0.544	0.505	846	1174	0.279
2014-07-24	1	19:24:34	4	F	Floating	Cyano_Spires	1.Cyano_Spires.Floating	Cyano_Spires.F.4	F	17	822	649	723	476	0.102	20.4	584	0.84	0.532	0.576	0.479	0.624	846	1174	0.279
2014-07-24	1	19:24:54	4	F	Floating	Cyano_Spires	1.Cyano_Spires.Floating	Cyano_Spires.F.4	F	17	823	621	682	638	0.089	23.8	557	0.84	0.488	0.619	0.438	0.721	846	1174	0.279
2014-07-24	1	19:25:13	4	F	Floating	Cyano_Spires	1.Cyano_Spires.Floating	Cyano_Spires.F.4	F	17	824	598	639	926	0.064	24.9	528	0.84	0.369	0.662	0.326	0.837	846	1174	0.279
2014-07-24	1	19:25:33	4	F	Floating	Cyano_Spires	1.Cyano_Spires.Floating	Cyano_Spires.F.4	F	17	825	572	600	1227	0.047	24.2	501	0.84	0.283	0.698	0.248	0.957	846	1174	0.279
2014-07-24	1	19:27:05	4	G	Floating	Clad_R	1.Clad_R.Floating	Clad_R.G.4	FO	25	827	978	1951	1	0.499	0.2	NA	0.84	NA	NA	NA	NA	978	1951	0.499
2014-07-24	1	19:27:25	4	G	Floating	Clad_R	1.Clad_R.Floating	Clad_R.G.4	FO	17	828	1014	1901	1	0.467	0.2	NA	0.84	NA	NA	NA	NA	1014	1901	0.467
2014-07-24	1	19:27:45	4	G	Floating	Clad_R	1.Clad_R.Floating	Clad_R.G.4	F	17	829	1065	1439	101	0.26	11	866	0.84	0.653	0.354	0.531	0.321	1014	1901	0.467
2014-07-24	1	19:28:04	4	G	Floating	Clad_R	1.Clad_R.Floating	Clad_R.G.4	F	17	830	924	1197	205	0.228	19.6	772	0.84	0.642	0.521	0.536	0.588	1014	1901	0.467
2014-07-24	1	19:28:24	4	G	Floating	Clad_R	1.Clad_R.Floating	Clad_R.G.4	F	17	831	846	1034	331	0.182	25.3	701	0.84	0.565	0.625	0.468	0.838	1014	1901	0.467
2014-07-24	1	19:28:43	4	G	Floating	Clad_R	1.Clad_R.Floating	Clad_R.G.4	F	17	832	800	941	476	0.15	30	657	0.84	0.496	0.68	0.407	1.02	1014	1901	0.467
2014-07-24	1	19:29:03	4	G	Floating	Clad_R	1.Clad_R.Floating	Clad_R.G.4	F	17	833	756	858	638	0.119	31.9	615	0.84	0.42	0.726	0.342	1.216	1014	1901	0.467
2014-07-24	1	19:29:23	4	G	Floating	Clad_R	1.Clad_R.Floating	Clad_R.G.4	F	17	834	692	772	926	0.104	40.4	570	0.84	0.396	0.772	0.326	1.462	1014	1901	0.467
2014-07-24	1	19:29:42	4	G	Floating	Clad_R	1.Clad_R.Floating	Clad_R.G.4	F	17	835	657	716	1227	0.082	42.3	539	0.84	0.333	0.8	0.273	1.655	1014	1901	0.467
2014-07-24	1	19:34:16	3	A	Benthic	Cyano_Spires	1.Cyano_Spires.Benthic	Cyano_Spires.A.3	FO	25	837	738	1112	1	0.336	0.1	NA	0.84	NA	NA	NA	NA	738	1112	0.336
2014-07-24	1	19:34:44	3	A	Benthic	Cyano_Spires	1.Cyano_Spires.Benthic	Cyano_Spires.A.3	FO	17	838	741	1080	1	0.314	0.1	NA	0.84	NA	NA	NA	NA	741	1080	0.314
2014-07-24	1	19:35:04	3	A	Benthic	Cyano_Spires	1.Cyano_Spires.Benthic	Cyano_Spires.A.3	F	17	839	744	892	101	0.166	7	647	0.84	0.604	0.277	0.525	0.211	741	1080	0.314
2014-07-24	1	19:35:24	3	A	Benthic	Cyano_Spires	1.Cyano_Spires.Benthic	Cyano_Spires.A.3	F	17	840	675	788	205	0.143	12.3	591	0.84	0.574	0.419	0.503	0.371	741	1080	0.314
2014-07-24	1	19:35:43	3	A	Benthic	Cyano_Spires	1.Cyano_Spires.Benthic	Cyano_Spires.A.3	F	17	841	625	707	331	0.116	16.1	544	0.84	0.503	0.519	0.438	0.528	741	1080	0.314
2014-07-24	1	19:36:03	3	A	Benthic	Cyano_Spires	1.Cyano_Spires.Benthic	Cyano_Spires.A.3	F	17	842	583	643	476	0.093	18.6	505	0.84	0.435	0.593	0.377	0.68	741	1080	0.314
2014-07-24	1	19:36:22	3	A	Benthic	Cyano_Spires	1.Cyano_Spires.Benthic	Cyano_Spires.A.3	F	17	843	556	601	638	0.075	20.1	479	0.84	0.369	0.64	0.318	0.797	741	1080	0.314
2014-07-24	1	19:36:42	3	A	Benthic	Cyano_Spires	1.Cyano_Spires.Benthic	Cyano_Spires.A.3	F	17	844	530	563	926	0.059	22.9	455	0.84	0.306	0.681	0.263	0.918	741	1080	0.314
2014-07-24	1	19:37:02	3	A	Benthic	Cyano_Spires	1.Cyano_Spires.Benthic	Cyano_Spires.A.3	F	17	845	522	548	1227	0.047	24.2	445	0.84	0.252	0.696	0.215	0.971	741	1080	0.314
2014-07-24	1	19:39:08	3	C	Benthic	Nostoc	1.Nostoc.Benthic	Nostoc.C.3	FO	25	848	444	569	1	0.22	0.1	NA	0.84	NA	NA	NA	NA	444	569	0.22
2014-07-24	1	19:39:51	3	C	Benthic	Nostoc	1.Nostoc.Benthic	Nostoc.C.3	FO	17	849	446	549	1	0.188	0.1	NA	0.84	NA	NA	NA	NA	446	549	0.188
2014-07-24	1	19:40:11	3	C	Benthic	Nostoc	1.Nostoc.Benthic	Nostoc.C.3	F	17	850	444	536	101	0.172	7.3	437	0.84	0.929	0.039	0.914	0.024	446	549	0.188
2014-07-24	1	19:40:30	3	C	Benthic	Nostoc	1.Nostoc.Benthic	Nostoc.C.3	F	17	851	424	506	205	0.162	13.9	417	0.84	0.921	0.136	0.906	0.085	446	549	0.188
2014-07-24	1	19:40:50	3	C	Benthic	Nostoc	1.Nostoc.Benthic	Nostoc.C.3	F	17	852	406	472	331	0.14	19.5	394	0.84	0.846	0.243	0.821	0.163	446	549	0.188
2014-07-24	1	19:41:09	3	C	Benthic	Nostoc	1.Nostoc.Benthic	Nostoc.C.3	F	17	853	392	442	476	0.113	22.6	373	0.84	0.725	0.33	0.69	0.242	446	549	0.188
2014-07-24	1	19:41:29	3	C	Benthic	Nostoc	1.Nostoc.Benthic	Nostoc.C.3	F	17	854	374	413	638	0.094	25.2	352	0.84	0.639	0.408	0.601	0.329	446	549	0.188
2014-07-24	1	19:41:49	3	C	Benthic	Nostoc	1.Nostoc.Benthic	Nostoc.C.3	F	17	855	358	385	926	0.07	27.2	331	0.84	0.5	0.476	0.462	0.426	446	549	0.188
2014-07-24	1	19:42:08	3	C	Benthic	Nostoc	1.Nostoc.Benthic	Nostoc.C.3	F	17	856	337	356	1227	0.053	27.3	310	0.84	0.413	0.553	0.38	0.542	446	549	0.188
2014-07-24	1	19:43:57	3	D	Benthic	Clad_R	1.Clad_R.Benthic	Clad_R.D.3	FO	25	858	693	1519	1	0.544	0.2	NA	0.84	NA	NA	NA	NA	693	1519	0.544
2014-07-24	1	19:44:42	3	D	Benthic	Clad_R	1.Clad_R.Benthic	Clad_R.D.3	FO	17	859	701	1475	1	0.525	0.2	NA	0.84	NA	NA	NA	NA	701	1475	0.525
2014-07-24	1	19:45:02	3	D	Benthic	Clad_R	1.Clad_R.Benthic	Clad_R.D.3	F	17	860	734	1039	101	0.294	12.5	584	0.84	0.67	0.412	0.533	0.42	701	1475	0.525
2014-07-24	1	19:45:21	3	D	Benthic	Clad_R	1.Clad_R.Benthic	Clad_R.D.3	F	17	861	649	865	205	0.25	21.5	525	0.84	0.635	0.561	0.514	0.705	701	1475	0.525
2014-07-24	1	19:45:41	3	D	Benthic	Clad_R	1.Clad_R.Benthic	Clad_R.D.3	F	17	862	586	724	331	0.191	26.6	470	0.84	0.543	0.672	0.436	1.037	701	1475	0.525
2014-07-24	1	19:46:01	3	D	Benthic	Clad_R	1.Clad_R.Benthic	Clad_R.D.3	F	17	863	521	643	476	0.19	38	434	0.84	0.584	0.73	0.486	1.294	701	1475	0.525
2014-07-24	1	19:46:20	3	D	Benthic	Clad_R	1.Clad_R.Benthic	Clad_R.D.3	F	17	864	506	586	638	0.137	36.7	407	0.84	0.447	0.769	0.36	1.517	701	1475	0.525
2014-07-24	1	19:46:40	3	D	Benthic	Clad_R	1.Clad_R.Benthic	Clad_R.D.3	F	17	865	490	544	926	0.099	38.5	387	0.84	0.344	0.797	0.272	1.711	701	1475	0.525
2014-07-24	1	19:46:59	3	D	Benthic	Clad_R	1.Clad_R.Benthic	Clad_R.D.3	F	17	866	479	520	1227	0.079	40.7	374	0.84	0.281	0.811	0.219	1.837	701	1475	0.525
2014-07-24	1	19:49:29	3	E	Benthic	Riv	1.Riv.Benthic	Riv.E.3	FO	25	868	397	634	1	0.374	0.2	NA	0.84	NA	NA	NA	NA	397	634	0.374
2014-07-24	1	19:50:31	3	E	Benthic	Riv	1.Riv.Benthic	Riv.E.3	FO	17	869	400	614	1	0.349	0.1	NA	0.84	NA	NA	NA	NA	400	614	0.349
2014-07-24	1	19:50:50	3	E	Benthic	Riv	1.Riv.Benthic	Riv.E.3	F	17	870	428	614	101	0.303	12.9	400	0.84	0.869	0	0.812	0	400	614	0.349
2014-07-24	1	19:51:10	3	E	Benthic	Riv	1.Riv.Benthic	Riv.E.3	F	17	871	426	599	205	0.289	24.9	394	0.84	0.844	0.042	0.781	0.025	400	614	0.349
2014-07-24	1	19:51:30	3	E	Benthic	Riv	1.Riv.Benthic	Riv.E.3	F	17	872	422	570	331	0.26	36.1	381	0.84	0.783	0.117	0.707	0.077	400	614	0.349
2014-07-24	1	19:51:49	3	E	Benthic	Riv	1.Riv.Benthic	Riv.E.3	F	17	873	419	547	476	0.234	46.8	370	0.84	0.723	0.173	0.638	0.122	400	614	0.349
2014-07-24	1	19:52:09	3	E	Benthic	Riv	1.Riv.Benthic	Riv.E.3	F	17	874	415	524	638	0.208	55.7	360	0.84	0.665	0.234	0.577	0.172	400	614	0.349
2014-07-24	1	19:52:28	3	E	Benthic	Riv	1.Riv.Benthic	Riv.E.3	F	17	875	412	496	926	0.169	65.7	346	0.84	0.56	0.299	0.47	0.238	400	614	0.349
2014-07-24	1	19:52:48	3	E	Benthic	Riv	1.Riv.Benthic	Riv.E.3	F	17	876	402	469	1227	0.143	73.7	333	0.84	0.493	0.364	0.408	0.309	400	614	0.349
2014-07-24	1	19:55:26	3	F	Benthic	Clad_Y	1.Clad_Y.Benthic	Clad_Y.F.3	FO	25	878	722	1451	1	0.502	0.2	NA	0.84	NA	NA	NA	NA	722	1451	0.502
2014-07-24	1	19:56:02	3	F	Benthic	Clad_Y	1.Clad_Y.Benthic	Clad_Y.F.3	FO	17	879	714	1362	1	0.476	0.2	NA	0.84	NA	NA	NA	NA	714	1362	0.476
2014-07-24	1	19:56:20	3	F	Benthic	Clad_Y	1.Clad_Y.Benthic	Clad_Y.F.3	F	17	880	678	924	101	0.266	11.3	572	0.84	0.699	0.457	0.59	0.474	714	1362	0.476
2014-07-24	1	19:56:40	3	F	Benthic	Clad_Y	1.Clad_Y.Benthic	Clad_Y.F.3	F	17	881	605	769	205	0.213	18.3	508	0.84	0.628	0.597	0.527	0.771	714	1362	0.476
2014-07-24	1	19:56:59	3	F	Benthic	Clad_Y	1.Clad_Y.Benthic	Clad_Y.F.3	F	17	882	557	669	331	0.167	23.2	463	0.84	0.544	0.682	0.452	1.036	714	1362	0.476
2014-07-24	1	19:57:19	3	F	Benthic	Clad_Y	1.Clad_Y.Benthic	Clad_Y.F.3	F	17	883	526	613	476	0.142	28.4	435	0.84	0.489	0.725	0.404	1.222	714	1362	0.476
2014-07-24	1	19:57:39	3	F	Benthic	Clad_Y	1.Clad_Y.Benthic	Clad_Y.F.3	F	17	884	508	575	638	0.117	31.4	416	0.84	0.421	0.755	0.345	1.369	714	1362	0.476
2014-07-24	1	19:57:58	3	F	Benthic	Clad_Y	1.Clad_Y.Benthic	Clad_Y.F.3	F	17	885	495	545	926	0.092	35.8	400	0.84	0.345	0.776	0.279	1.499	714	1362	0.476
2014-07-24	1	19:58:18	3	F	Benthic	Clad_Y	1.Clad_Y.Benthic	Clad_Y.F.3	F	17	886	486	524	1227	0.073	37.6	388	0.84	0.279	0.79	0.223	1.599	714	1362	0.476
2014-07-24	1	20:00:34	3	G	Benthic	Phorm	1.Phorm.Benthic	Phorm.G.3	FO	25	888	276	473	1	0.416	0.2	NA	0.84	NA	NA	NA	NA	276	473	0.416
2014-07-24	1	20:00:58	3	G	Benthic	Phorm	1.Phorm.Benthic	Phorm.G.3	FO	17	889	274	455	1	0.398	0.2	NA	0.84	NA	NA	NA	NA	274	455	0.398
2014-07-24	1	20:01:18	3	G	Benthic	Phorm	1.Phorm.Benthic	Phorm.G.3	F	17	890	294	383	101	0.232	9.8	246	0.84	0.65	0.243	0.544	0.188	274	455	0.398
2014-07-24	1	20:01:38	3	G	Benthic	Phorm	1.Phorm.Benthic	Phorm.G.3	F	17	891	271	335	205	0.191	16.4	225	0.84	0.582	0.392	0.483	0.358	274	455	0.398
2014-07-24	1	20:01:57	3	G	Benthic	Phorm	1.Phorm.Benthic	Phorm.G.3	F	17	892	254	299	331	0.151	21	208	0.84	0.495	0.497	0.405	0.522	274	455	0.398
2014-07-24	1	20:02:17	3	G	Benthic	Phorm	1.Phorm.Benthic	Phorm.G.3	F	17	893	244	280	476	0.129	25.8	199	0.84	0.444	0.552	0.362	0.625	274	455	0.398
2014-07-24	1	20:02:36	3	G	Benthic	Phorm	1.Phorm.Benthic	Phorm.G.3	F	17	894	237	265	638	0.106	28.4	191	0.84	0.378	0.591	0.305	0.717	274	455	0.398
2014-07-24	1	20:02:56	3	G	Benthic	Phorm	1.Phorm.Benthic	Phorm.G.3	F	17	895	232	252	926	0.079	30.7	184	0.84	0.294	0.624	0.233	0.806	274	455	0.398
2014-07-24	1	20:03:16	3	G	Benthic	Phorm	1.Phorm.Benthic	Phorm.G.3	F	17	896	226	241	1227	0.062	32	179	0.84	0.242	0.657	0.192	0.888	274	455	0.398
